"","X1","X2","X3","X4","Y","Yhat","set"
"1",0.996750961007636,-1.03298765560728,-0.853910197137256,2.48549572278115,7.48256049989103,NA,"trn"
"2",1.26541565494668,1.37929262585988,1.47991528339367,1.28902598285842,6.43667710293582,NA,"trn"
"3",0.121422658411034,1.86137887704684,-2.11715157342061,1.8745004270515,8.58718099185113,NA,"trn"
"4",0.872345111522598,1.65406507075717,1.49805218238008,1.08181789717874,9.04512767073925,NA,"trn"
"5",2.12025063047073,0.601619556097227,0.246281110967616,0.432766227872332,9.41462554776699,NA,"trn"
"6",1.69153663608158,1.18110826232436,1.19332319756967,1.72144810506425,13.2577661196154,NA,"trn"
"7",0.355500334565938,0.0916918948108928,1.33613741499977,3.5959713271377,12.5116443507116,NA,"trn"
"8",-0.70402755723439,2.38835536234033,1.77382146577809,2.35935471395834,15.3726773705739,NA,"trn"
"9",0.54236507841234,1.82195373098921,0.136337262689919,1.27256082452567,14.5882183404945,NA,"trn"
"10",-0.322219682039768,1.68412750955729,1.70765839649579,0.641132913968949,15.7623898369613,NA,"trn"
"11",1.22956273350818,-0.223928274777662,0.910703550836121,2.86466590881228,14.4851470795551,NA,"trn"
"12",0.419888191110784,0.869554550014927,1.17865173475511,3.56434676036398,16.2138916151054,NA,"trn"
"13",-1.00221022310633,0.719989136273618,1.27038359989761,0.386476909355527,14.4798067190459,NA,"trn"
"14",1.72339232498292,0.0801898657445941,0.395456298788043,2.86778906651908,15.9393571006769,NA,"trn"
"15",1.58211710692196,1.18059904123975,0.97662819439895,3.81807846359973,15.7654215030368,NA,"trn"
"16",0.261357720679352,0.889364375753993,0.537942380073891,0.545689711997992,15.3313381684881,NA,"trn"
"17",1.4515364329886,0.48814984485082,1.50863388503094,3.28520896362789,16.8863748819316,NA,"trn"
"18",0.933560827452177,0.745888018990686,2.03854205175277,2.60704048591021,15.5530089566333,NA,"trn"
"19",0.919568533143986,-0.106290518647756,3.450081764726,1.26608737620333,13.4063171447713,NA,"trn"
"20",1.78095218071019,1.27870306699052,0.674447023004298,2.60238851913529,9.94799767955269,NA,"trn"
"21",0.784087324374025,1.46076481777286,0.674882693144186,1.34975866362932,9.08542471828233,NA,"trn"
"22",1.149993192109,1.94652154557701,1.20548889675468,-0.596037354271755,10.5611542958322,NA,"trn"
"23",0.112275900897761,1.22440400702126,0.0851477189363683,3.33047410302161,6.73100198360214,NA,"trn"
"24",2.43188966222908,2.25824994620975,0.55520874211631,2.11111968135084,15.2606580446264,NA,"trn"
"25",0.825184724813059,1.00014401063589,1.64943309561628,1.58672157777365,12.1649773531873,NA,"trn"
"26",1.22979369084568,0.314645409603352,1.7557232304789,0.189398950986422,13.1512443633389,NA,"trn"
"27",2.2256876810183,1.14012054062851,0.571089170588172,2.18899106505744,13.7622831589207,NA,"trn"
"28",0.932887513313794,2.11760049722531,2.69626491617068,0.422857299917303,12.9119571816469,NA,"trn"
"29",0.729146685109582,1.04702666641795,2.03122397678187,2.9741789136163,13.0079210317614,NA,"trn"
"30",0.571205798150513,0.204880803874846,1.87506339462979,0.889763247783863,10.6842590256935,NA,"trn"
"31",0.373694442540077,-0.870232371359299,1.52965895243493,0.870317221443099,7.58479392412488,NA,"trn"
"32",1.37934457624699,1.76412189983848,1.57913450897802,1.9808058322706,14.1572658177714,NA,"trn"
"33",2.69064733155883,1.37297892223167,-0.127150680137335,1.47982962226503,12.6416256431969,NA,"trn"
"34",0.159444882580335,1.36361208006505,1.81772560562178,3.22145341816718,10.2818123174872,NA,"trn"
"35",1.09780889243293,0.909781074301786,1.06511676464764,1.35540123215058,13.9746068202941,NA,"trn"
"36",0.737089395752485,-0.536537055920299,3.70901360887439,2.38946980649181,11.1740835863859,NA,"trn"
"37",1.87454861544859,0.517845686633843,1.56590938083115,0.5586804218927,13.9889043571567,NA,"trn"
"38",0.473851629944613,0.231303111431741,0.546536285239297,1.73535578485591,9.62418766649771,NA,"trn"
"39",-0.0958326570874459,1.16146124051297,0.51293945744048,3.15991221236458,10.582783259702,NA,"trn"
"40",-0.697517267039893,1.96487893017404,-0.354016512262458,2.50981392436123,10.6916843198701,NA,"trn"
"41",2.68143135906028,3.10281640656022,-0.0028076364012013,1.89278472935061,15.5891908003515,NA,"trn"
"42",0.216989144739822,1.16543832454996,2.40057604447978,2.4806836758182,13.0478749977578,NA,"trn"
"43",0.794305568936857,1.00927736259521,0.496925944399425,1.25155554586095,12.2127825004007,NA,"trn"
"44",2.88547619620041,1.01640005564008,0.0801259248024672,3.24778140578056,17.5121743135485,NA,"trn"
"45",1.18462231226853,0.893375727314674,0.279561798714896,3.05686863449022,15.6349329193844,NA,"trn"
"46",0.840548465574838,1.04145180390416,1.85150751264928,2.02852894158161,16.5310799681611,NA,"trn"
"47",-0.299202195143279,-0.419848217319976,1.39318566451789,3.20448635359288,11.287749934052,NA,"trn"
"48",2.3183587713916,1.78310510031132,1.07496992732175,2.33673304153886,15.1428347059345,NA,"trn"
"49",1.64902230644105,0.502583050414814,-0.0101965869444347,0.216980869578148,14.683754769901,NA,"trn"
"50",0.340013423053991,0.565979115025068,0.972148571432153,2.88587352249167,13.9659838154669,NA,"trn"
"51",0.376063884383575,0.12048522686297,1.28909737708189,3.24506611849697,13.3360720196895,NA,"trn"
"52",2.10643104910271,2.44957151416485,1.32960633012809,-0.683411456417243,11.292313657026,NA,"trn"
"53",3.9778324122512,1.19132163395312,2.70293982823712,-0.367484958418459,13.0729082828066,NA,"trn"
"54",0.914395361769773,0.512865961648668,-0.911355461708038,1.23039887259462,9.38563124602914,NA,"trn"
"55",2.73452922381599,-0.837763079278434,2.02646334026729,1.12956649668699,9.92236908627575,NA,"trn"
"56",1.96018694560627,0.152995029794048,0.639259439794262,0.293005860493478,9.19436311683043,NA,"trn"
"57",-0.074136355268634,1.31087393766551,-0.558411564926115,3.42519263866351,9.98819295757608,NA,"trn"
"58",1.91845969638568,0.103994769715768,-0.214018402736868,2.07329242035078,13.4678707819664,NA,"trn"
"59",-0.138313026979923,0.707857115814643,0.637596711050352,3.02188268901381,12.9022254035053,NA,"trn"
"60",1.23135587763489,0.378596244825544,1.70330789408043,2.28922329255376,12.2434189583032,NA,"trn"
"61",1.52691428351163,0.0926919033441396,0.634076267496905,0.68758978127973,12.5423301303726,NA,"trn"
"62",1.00066089988135,1.3305037354379,0.929458601783199,3.23450535002404,11.4750715547931,NA,"trn"
"63",0.881837617368731,2.42202085548321,-0.157512053991488,0.702366347650091,14.479536256134,NA,"trn"
"64",1.58782607914693,0.306844147226857,0.358767614695161,2.29778105796454,12.7562383537649,NA,"trn"
"65",-1.90545097400526,1.00226815236816,2.3684812533516,2.28244678686772,9.08101078278194,NA,"trn"
"66",0.65273361798976,-0.619129907070426,1.19792956227593,0.0866470802214596,11.643268084184,NA,"trn"
"67",-0.329811792273867,0.0231630768541664,1.55260291768114,1.6758228242193,7.66433207863949,NA,"trn"
"68",-0.82310111755877,2.06275856087793,1.01863521070056,1.54362597718917,9.63224716447789,NA,"trn"
"69",-0.417984622847807,0.367894261457752,0.48722142336899,1.06945991698617,7.17559473872077,NA,"trn"
"70",0.89258579276342,-0.000547763450079675,0.545096266190642,2.25190464007222,12.6345704194929,NA,"trn"
"71",1.87221292476721,-0.302656752556149,-0.223942056978791,2.14997668664879,10.7125544821873,NA,"trn"
"72",-1.34537019144645,-0.531476326721843,0.286572980625645,1.48766332831062,7.1743578886732,NA,"trn"
"73",-1.2904246203003,0.363330540687909,-0.247571541592864,3.29929741029363,8.28760891121088,NA,"trn"
"74",0.131142470043189,1.56638143879122,2.39625980914558,2.1176637553844,14.840500301318,NA,"trn"
"75",1.99029230152759,0.691258029519182,1.6811520738478,0.165331456902945,12.2770048990402,NA,"trn"
"76",1.1438439362994,-0.766230467126985,3.51495136623751,1.2186987325191,10.2715761105115,NA,"trn"
"77",0.504617907543071,0.543467941848942,0.927152468376673,0.87424046538322,10.5555884858824,NA,"trn"
"78",0.83651597864868,2.00525720905871,1.41013209913713,2.31209403020019,10.7811359252718,NA,"trn"
"79",0.121794491750853,0.591256348935579,1.012357448101,1.90269845421337,11.8064173271132,NA,"trn"
"80",0.186341778485568,1.63986789437146,0.196036089963739,2.4694303871939,14.6278318540596,NA,"trn"
"81",-0.00257061775853873,1.386925685644,-1.33049320520893,0.873687661718515,12.2603857631935,NA,"trn"
"82",0.973007792738266,2.32736076638441,2.23507742602281,1.12515659288785,7.85094664151957,NA,"trn"
"83",1.04394746600975,0.403308010504846,1.2740443549031,-0.856769216724195,8.70448945822499,NA,"trn"
"84",1.43484920870707,0.142250255016268,0.801694879963046,1.39648472859917,7.92407628076224,NA,"trn"
"85",0.156383115561993,-0.0697448001689851,2.27189112891277,1.1543741205001,7.80808074298774,NA,"trn"
"86",1.48894733708639,1.00335867876313,1.01385554004168,1.36423479961123,9.559994337988,NA,"trn"
"87",1.08288943351525,2.68894475211698,1.13819537173338,0.94157740808011,10.9463409363601,NA,"trn"
"88",1.88996562226464,-0.426105852622411,-0.50945953484438,1.49218346720694,9.92470381193642,NA,"trn"
"89",0.333875093079731,-0.131847031904788,0.457781885669194,1.9995409142341,7.31071601829809,NA,"trn"
"90",3.75218303199763,-0.282143200050682,1.79604951704851,1.11598419090741,10.1209896996751,NA,"trn"
"91",0.556959795471819,1.09103482764772,0.250533917888719,1.36000721564955,8.53404191057366,NA,"trn"
"92",0.218446109630021,1.93900262525286,1.05240224956155,0.713575165637084,9.05363259508077,NA,"trn"
"93",1.36029274235655,1.10139879982893,0.649792156655236,1.43526662483311,8.79780149958302,NA,"trn"
"94",0.603586870917312,2.37484489140066,0.683564245252587,1.30438237632565,9.96045384358442,NA,"trn"
"95",2.02588090826236,2.83126371331917,1.31827602315121,2.21336766442972,10.9372883523861,NA,"trn"
"96",1.2274517750106,1.42002787448026,2.67005698146586,2.27704333235602,11.9594228285735,NA,"trn"
"97",2.95279940958633,1.68416959698227,0.261308199778496,0.686177320522811,10.37787932072,NA,"trn"
"98",2.45698409429691,1.07126528932224,1.15509724440608,0.272309372040206,11.8940565342406,NA,"trn"
"99",0.705157210841217,0.624328747170542,2.11352657297795,1.14098481990239,11.8051793088029,NA,"trn"
"100",0.810822459350213,2.01444335500871,1.51152497763842,1.84059421738406,13.1715706965926,NA,"trn"
"101",1.40495510237538,0.679427120689386,0.459904270449739,2.11016768436791,14.066030963528,NA,"trn"
"102",0.323144316192921,1.03982867974038,1.9708893213235,1.77610115455793,12.7570534601899,NA,"trn"
"103",-0.216074432088948,-0.107076858636447,1.13351479790302,2.28519393428535,14.6385436973905,NA,"trn"
"104",0.808870002340702,-0.166730447410234,1.61837853013078,3.08645255672311,13.8427708028293,NA,"trn"
"105",1.282390863895,0.805394552089879,2.02696785510296,2.97925430964678,13.8923560141904,NA,"trn"
"106",1.90226912709344,-0.758060856600739,2.18026170235543,1.4858420551639,12.2362118882753,NA,"trn"
"107",0.997242889688659,1.0419535449443,1.27974499894684,1.79136233877907,11.8091324582218,NA,"trn"
"108",0.414237744974753,2.43521446907859,-0.654850852209747,1.0113982203013,11.821680511352,NA,"trn"
"109",3.58383491976009,0.574496094901976,1.3784590813552,0.431013854995386,11.0835884093379,NA,"trn"
"110",2.07343465374722,-0.200454935641128,-1.66529026188874,3.00361854646954,9.48146222658702,NA,"trn"
"111",-0.20555260738803,0.415987226355241,-0.0426860399704729,2.08181206061337,9.15182306977902,NA,"trn"
"112",2.36759030084307,1.18839648687193,1.74617316100106,1.92570921918637,13.0900808633948,NA,"trn"
"113",-0.110474767647004,2.62116167817902,0.68787130238536,3.12320594559815,11.8951510220239,NA,"trn"
"114",0.82526904741313,0.54358291376858,0.903853955719479,1.26936436922622,12.7734767242937,NA,"trn"
"115",-1.24576849369263,-0.422040433563714,2.08810694439199,2.28612228260381,8.23288783125263,NA,"trn"
"116",-0.828786209455058,0.833086870734309,1.78224982122668,0.757655371242745,9.39671826630741,NA,"trn"
"117",1.18038510198319,0.880405717906672,2.59896923998723,0.279484649862337,15.7281247372464,NA,"trn"
"118",0.460845688986403,3.33693590845591,1.67567689441086,3.14198852521183,16.960394897882,NA,"trn"
"119",1.92804982456586,2.06106966753614,0.808587987680149,2.50313258190073,17.7290192055509,NA,"trn"
"120",2.12654700644098,0.602541835836593,1.25585025117405,-0.247770348678543,16.4602892926493,NA,"trn"
"121",0.3005904978203,1.02098015481952,-0.239007314687032,2.62558919127478,15.4659325242384,NA,"trn"
"122",1.26638615097893,0.808134691891758,1.16070573588255,2.33723834028603,14.2640769868154,NA,"trn"
"123",1.83715395646964,1.22654450048444,0.909453489973604,2.4863235044654,15.3414033499178,NA,"trn"
"124",1.02424038705239,2.88942737207166,1.0666047773641,2.0858307374461,13.7457516048297,NA,"trn"
"125",0.673428717316837,0.331885518736006,-0.695934154501907,3.01607344171913,13.0879906555901,NA,"trn"
"126",1.03701313936289,-0.830602946202078,0.843753510052709,2.30700083318881,13.2973656495388,NA,"trn"
"127",2.22490207854456,-0.22013675775823,-0.868468858699585,1.63199126483195,13.1294194165488,NA,"trn"
"128",0.371784133501812,0.110378635982689,0.778568222397788,3.29806886867796,11.2355109165814,NA,"trn"
"129",1.46272744759009,0.75324929216237,0.755187286691239,1.70340408884522,11.2050548458578,NA,"trn"
"130",0.612980030354717,1.51782079032935,-0.29773583774005,1.97069143342,8.06194559459769,NA,"trn"
"131",-0.529408105965885,2.32059917474973,2.68573765792451,1.27391236634078,9.0756346487067,NA,"trn"
"132",0.592282059183687,-0.240914864068811,1.59186858028783,0.59714807678901,11.9314236531651,NA,"trn"
"133",0.159566899133121,0.86161628797211,2.33591054537375,0.759645899259981,10.8314894581349,NA,"trn"
"134",1.41333695577378,1.40551577689878,-0.00130918677261493,1.38472449887541,12.106504672569,NA,"trn"
"135",-0.098338947243191,1.28417531575667,0.553710241828427,2.09688785529638,11.4186672375894,NA,"trn"
"136",2.15769874756082,0.25390313333221,1.61595774976771,1.18406922327135,15.1876456120061,NA,"trn"
"137",0.868881470312619,0.966115827671397,3.11507991339118,4.01973260536731,12.5638775634907,NA,"trn"
"138",0.79521597260115,2.43434950751661,0.794835025272054,1.94332135480799,11.9760395532166,NA,"trn"
"139",-0.360203470669884,0.491041539572233,0.288273588260344,1.60984276582691,8.70878525443251,NA,"trn"
"140",0.794192838751627,0.468869848537227,0.315002598120777,0.861964720221416,11.3498131545634,NA,"trn"
"141",-0.432368959849674,2.11042509065417,0.734667093914547,2.51903034716043,11.5601507610847,NA,"trn"
"142",1.22907709609119,0.579276487661386,-1.23729151199428,2.69706419855636,13.0365284751137,NA,"trn"
"143",0.98730178871874,0.264412738704746,-0.24569268532121,2.53793681964926,11.471388814842,NA,"trn"
"144",2.73294008564316,3.37956559632109,0.402720187702432,2.63435605948916,15.2486341268699,NA,"trn"
"145",-0.319538492568428,0.523468368184049,0.872847344116343,0.699474492236539,13.751142091741,NA,"trn"
"146",-0.271925059991585,1.88659975202054,1.5188506168929,1.80161170876833,14.325958640161,NA,"trn"
"147",0.916585588761466,1.11323242861567,1.63196790893652,3.11786624647239,14.7495885486347,NA,"trn"
"148",1.04872334971787,1.57465070623721,2.65848255205828,3.78360528277155,14.7508393202275,NA,"trn"
"149",1.63651053738437,0.211651340906471,1.80030975929976,1.44177599598558,16.0901524760907,NA,"trn"
"150",1.17931614603053,1.44967732858342,0.00247053817142007,1.92323560775465,15.0430942952415,NA,"trn"
"151",0.733189773968444,-0.270195475841717,0.841469709706679,3.92175510197795,14.0642890850086,NA,"trn"
"152",0.601680169490552,-0.155960359340614,2.02500865841301,1.33134927256793,14.4475463771435,NA,"trn"
"153",2.88607679092956,-0.0265467502230943,2.09332469836268,1.6006783010758,14.9463120673574,NA,"trn"
"154",0.207404488851268,-0.0445428137396655,2.33208410454596,1.41488788959995,12.9561880700266,NA,"trn"
"155",1.01912249391677,2.13728503021452,0.776757524535213,0.436880548199702,11.0153018573129,NA,"trn"
"156",0.026165098327913,-1.52832887475522,0.080372502412056,2.09027302872829,9.82169623242724,NA,"trn"
"157",0.820209453982685,0.894465786026203,0.877398414267919,1.94569882113152,10.6332774438111,NA,"trn"
"158",1.06685687646377,0.0702747158651001,1.38133362393397,1.09548602343272,10.5728735827834,NA,"trn"
"159",-0.687842696257679,0.852971194685148,0.62247787501791,2.05266611985361,12.4601136889166,NA,"trn"
"160",2.10196145284499,0.557425091386078,-0.0290938878857463,2.06691494686782,13.6361103329527,NA,"trn"
"161",1.68346338144528,1.20902997189993,2.04453620298161,0.787618203873986,12.2010921107025,NA,"trn"
"162",1.21747211847054,-0.057329787379834,0.747655785532947,2.06423146637367,10.9053007460676,NA,"trn"
"163",0.829458056138947,2.05946105100649,1.69954427429627,1.6634780486765,9.91863683685692,NA,"trn"
"164",-0.807546538879594,1.03894506468534,0.033104339789612,1.15059436063416,10.3296952796444,NA,"trn"
"165",2.5862767910383,1.07861711340024,1.77566993532666,4.81472314334462,15.3904904638013,NA,"trn"
"166",0.824432180103474,2.84905520259189,-0.541120297373922,3.75444601999109,21.8176031321992,NA,"trn"
"167",0.862999810824287,1.15526912584493,2.38204992000737,3.21209592040545,21.1585569699655,NA,"trn"
"168",0.0597653492908305,1.97954913174747,2.24827639550083,0.816558648310111,18.3329076742259,NA,"trn"
"169",1.7151862814386,2.45606053439811,1.54422109717472,2.70733620871085,16.9112430631313,NA,"trn"
"170",1.86488143960695,2.35319034731004,1.68012995802377,1.38076119289272,16.5607799318204,NA,"trn"
"171",-1.46965814485238,1.46358000790819,0.863940542191837,2.15208504870806,13.1631685710255,NA,"trn"
"172",0.904055470853646,1.83391998567463,-0.377760138016539,2.99885848124859,14.1266886198188,NA,"trn"
"173",1.5933237127579,2.55518751288738,1.04643658082642,1.86519286711182,18.7573590604884,NA,"trn"
"174",-0.339567570062405,0.753078030363508,2.5672101772244,3.68748714303659,20.2995967248125,NA,"trn"
"175",0.230654386606859,1.62321529727926,3.64481161904488,3.87793342624704,21.3382542674122,NA,"trn"
"176",2.18468223779706,-0.28154650097024,0.772321369369884,1.9827876184924,19.5933685483836,NA,"trn"
"177",0.460130381809106,1.29815208630248,1.49680602057093,3.10031950146,17.054739410383,NA,"trn"
"178",0.1510053045786,2.10581286889443,2.23281340461685,0.259094787336049,14.110948655347,NA,"trn"
"179",1.93392880974678,1.94021966694922,0.413867418078612,2.72062899699083,15.2654779577441,NA,"trn"
"180",0.177180245836273,2.03692875790734,1.52076642037977,1.94690080417067,11.2591870291535,NA,"trn"
"181",1.2214794656257,1.92381057724255,1.197694051305,0.253814709060931,15.178721095724,NA,"trn"
"182",2.01420856249606,1.84231839574571,0.0932188676293987,2.82761022591201,14.9188637090679,NA,"trn"
"183",-0.499234665379644,0.437047227921512,0.227104162322777,3.83984193736647,8.77720122126622,NA,"trn"
"184",0.655663217699423,-0.479351600884335,0.576828465326492,1.55617435298598,8.66292525214715,NA,"trn"
"185",0.254979257168228,3.62629762082364,1.4257268225671,0.241232010307365,9.83148045806841,NA,"trn"
"186",1.7322077302291,1.02077247331877,2.02592197112624,1.72017846738208,9.73708655801505,NA,"trn"
"187",-0.110854778276799,0.662273237876139,0.174971309706335,0.226731316536245,6.30392838615684,NA,"trn"
"188",0.89705952411931,2.28896253664378,0.371523219336725,1.00016217636984,7.7252640355802,NA,"trn"
"189",1.84817049840498,2.88991918959528,0.650586715099094,1.08197645699483,6.91261441149019,NA,"trn"
"190",0.839366498930318,1.00927346679894,2.00531760941122,2.94952259307499,5.18569730154682,NA,"trn"
"191",1.43396058063882,1.23052083884541,0.254362297272394,1.01542870416872,6.26501998236902,NA,"trn"
"192",0.52746134792141,1.7626935555174,0.170290080311859,0.199405656169807,7.72865166029683,NA,"trn"
"193",0.418310490418954,1.60023198765391,2.05166920150938,2.76413055210662,7.40907314917311,NA,"trn"
"194",2.08176187141598,0.882378784477461,0.640646486738367,1.22245691124951,15.9224276143144,NA,"trn"
"195",-0.430072347681375,0.919912505191411,0.615735629678844,2.7685398245221,12.8951568584421,NA,"trn"
"196",3.09708292489928,0.00657062658418806,2.15204063231822,2.81508302827147,16.8870755991102,NA,"trn"
"197",1.02525525115376,0.915077259324144,-0.844682875743254,3.93626413646954,15.5165931285703,NA,"trn"
"198",2.02073915103273,1.13450784827609,1.94299116626239,4.11908986211935,18.5361801720627,NA,"trn"
"199",1.74732158273724,2.90930814006108,0.321476703922183,1.08868100669424,17.7745717077064,NA,"trn"
"200",2.26240294642969,0.713087297036251,0.579620539478945,3.47976847471149,11.5122295780772,NA,"trn"
"201",2.30788289043377,0.61219091926327,0.598583962814507,0.158740144583033,11.1799521284673,NA,"trn"
"202",1.42868179390754,-0.148119626302417,0.974580193956128,1.58607871104595,10.6975470378862,NA,"trn"
"203",1.17939777557188,0.394549662909755,0.989480865355744,1.68147397462216,9.74507940378142,NA,"trn"
"204",0.610130755632307,2.16881038948009,0.779674698892389,2.17706666609191,10.8570934629309,NA,"trn"
"205",2.50367362934101,1.46193605737584,0.107364099945166,1.56467183805701,15.3794785293848,NA,"trn"
"206",0.982452070659202,1.71068482523242,2.16423178378373,2.64656149618471,16.4456065736386,NA,"trn"
"207",0.822692242884543,-0.135849363831104,1.13093091992478,2.51215284668378,14.7650277769572,NA,"trn"
"208",1.21052335896335,-0.520100682996701,0.785442565479321,3.24622637539574,16.2048690978152,NA,"trn"
"209",1.5171531872945,1.5262413886445,1.3343998689048,0.936054365677712,15.9494240015462,NA,"trn"
"210",0.82036100505679,1.64939184756096,0.544388932737425,3.48727031128433,11.1512665607749,NA,"trn"
"211",2.26811630719375,2.26593860258561,0.390919865085541,1.31876953759151,10.3818413399006,NA,"trn"
"212",1.70338228403569,1.00978793658074,2.97999771570291,2.06272702932086,10.3602361915737,NA,"trn"
"213",0.927073838461309,1.06211485982736,-0.893164643160492,0.591757875905818,10.3218762435998,NA,"trn"
"214",0.798210387661864,0.60512546838196,2.2014955580444,1.24189346033607,8.90565115687416,NA,"trn"
"215",2.99033248991563,0.22845845372438,1.12469030619081,3.29803232856233,13.682170406846,NA,"trn"
"216",-0.248189649365786,2.31217031070111,0.3912025400387,2.33190314148171,9.61333938282774,NA,"trn"
"217",0.37444961964375,0.731731273023112,1.88232308391733,1.13028372044809,10.0903782306534,NA,"trn"
"218",1.45501428038054,1.72576427816861,2.54103845625245,1.44885329924251,15.4762987120499,NA,"trn"
"219",1.65292316631153,-0.560162534640355,0.971303051140923,2.34355737674039,12.3599063018269,NA,"trn"
"220",-0.401293507355317,1.8324592511001,0.361621812693369,3.22471964428512,12.9241916927652,NA,"trn"
"221",-0.448115207698663,0.99845494854683,-0.278760952303204,2.91110800199326,14.6575398886817,NA,"trn"
"222",0.515815427042167,1.3971269660092,1.57572054414074,0.588230308679654,13.0583952366523,NA,"trn"
"223",1.16780068868515,0.216943960495665,1.75814277507983,2.2518818098427,13.5707393737104,NA,"trn"
"224",1.14082637791416,0.137536530068349,0.458424980737154,2.63599242701034,14.5725195287493,NA,"trn"
"225",2.02969479154403,0.551016343631427,0.848853713647045,2.61240491102785,11.301705043214,NA,"trn"
"226",-0.496454064513916,2.0237150119543,1.81313604237178,1.35858885820556,9.06201851627792,NA,"trn"
"227",0.203152361893619,0.708457405444958,1.84490934951547,1.27779202547106,6.7683975579215,NA,"trn"
"228",1.93691233652255,-0.0536913036292463,0.313417847735342,3.28912795126546,10.2543744336076,NA,"trn"
"229",1.32219378595895,0.588580915626809,0.643227893485523,0.718566784695311,14.2481695470485,NA,"trn"
"230",2.1992474172362,3.64482820303251,0.548041921450804,2.47075609067412,16.0594175756196,NA,"trn"
"231",0.419779823093292,-0.10233862243288,0.169370694746974,3.23810972503273,12.2634453637945,NA,"trn"
"232",1.26813018924822,-0.922652966368856,2.64371520911711,2.54539360655057,16.2390802982738,NA,"trn"
"233",1.6334996948051,1.00469226403289,1.44731440618998,2.86495748010398,18.0415532522293,NA,"trn"
"234",1.86177822230001,0.123782202678916,2.29502814573391,0.934523830356308,14.3939274649014,NA,"trn"
"235",1.93181065020308,1.38366223691182,0.569416990784535,2.30714498969312,16.4966575348988,NA,"trn"
"236",1.09356906249244,0.705178911571645,-1.16699914139187,3.53350243586789,15.0052635775155,NA,"trn"
"237",1.34804952466484,1.47154259341486,1.71264945711943,0.841526700603091,16.3832203184874,NA,"trn"
"238",-0.120005875201091,0.715436196675759,2.6029193892533,2.99171690686909,15.5739883617292,NA,"trn"
"239",1.43904545825313,1.47983558471327,1.42866770534774,1.82376156589108,15.8661947239248,NA,"trn"
"240",0.488304580061668,0.465805639772704,1.6831114063156,2.86960730724642,14.4262701302959,NA,"trn"
"241",2.02744622292771,2.88450217814896,1.62841413491921,2.06474406557258,16.0295404856042,NA,"trn"
"242",1.87882584513021,1.30226395565015,1.97912990606209,0.532443705649717,15.5373359813057,NA,"trn"
"243",1.73111368554215,0.691967200773678,1.33918023029932,2.29623529380458,16.1253032881848,NA,"trn"
"244",1.87181052758638,0.281888040152176,1.78660311706128,3.43758893826273,15.1857891331486,NA,"trn"
"245",0.234666761546971,-0.270575437910895,0.0904139071836676,0.799436175162751,12.5445018878956,NA,"trn"
"246",1.72081344722692,2.06946165218238,0.664057983941883,3.36696394939481,10.7995724231451,NA,"trn"
"247",0.0744954689084285,2.54266878937988,0.706512302420318,2.09333167568532,13.3516473271666,NA,"trn"
"248",-2.08921457163405,1.60918114323872,0.474111960404704,2.21189821871293,10.2337170308639,NA,"trn"
"249",1.70118098859761,2.38045212698766,0.737563807132364,3.12190161890597,14.090774056325,NA,"trn"
"250",-0.389367759147098,1.48789902039578,0.753119236203991,0.543468629143391,11.8800873826582,NA,"trn"
"251",1.88878169740535,0.427328034831537,0.589123949336871,2.77347933441537,9.96868441675321,NA,"trn"
"252",3.01582968619564,0.346266249459999,-0.209315204584717,0.444037743628805,11.213457977631,NA,"trn"
"253",1.52838997630789,-0.230857515869736,1.46188173544296,1.39689183368044,6.24515260033535,NA,"trn"
"254",1.47675349432103,0.605989996851188,-0.114649864235631,3.62220163142765,6.70316086514695,NA,"trn"
"255",0.182689006994058,0.187614580319352,-0.823647150295974,2.51703785324681,9.99084559637695,NA,"trn"
"256",0.809673191270045,0.205315920983236,2.41054376477209,1.70938943207655,10.5564565591889,NA,"trn"
"257",0.383279856862522,-0.195915453924971,0.972541509505296,2.41997835533403,12.9498784200221,NA,"trn"
"258",1.44379367654279,1.97694026820028,0.87667580401178,2.57105779907514,13.9668215787646,NA,"trn"
"259",1.81200890387686,1.88955090167136,0.730182303497767,2.49364429032633,15.0440071573984,NA,"trn"
"260",1.99501897683267,0.663920490386611,1.28320114826462,3.51397071508135,13.5415970118485,NA,"trn"
"261",-0.0141937793477325,0.476177118245574,0.586610725932734,0.950851285259923,9.62232832992278,NA,"trn"
"262",2.09052792381063,0.606909252625333,0.297292380236506,1.8785607761895,13.030996111185,NA,"trn"
"263",0.656887058229544,2.060615618932,0.522977791984244,2.10452170728597,8.90499147857924,NA,"trn"
"264",0.217924380745972,-0.753293736516923,-1.24279796424263,1.64918090302171,8.10557404120031,NA,"trn"
"265",0.390254697665865,0.272253386594863,1.31336637023837,2.14719302208783,10.2673820465723,NA,"trn"
"266",1.63034012393886,0.222714330855553,1.33301494384844,1.06602992103841,11.4073592998074,NA,"trn"
"267",-1.32172246631036,0.843729807703276,-0.410883953553951,1.81105866508931,10.6455280637592,NA,"trn"
"268",-0.218990467584065,0.570297508021716,0.414036789861828,2.21236518925696,9.02981667792182,NA,"trn"
"269",1.04223136436152,2.47272872659403,1.71503803894391,3.71002325918739,10.3003320175473,NA,"trn"
"270",1.44887192131522,2.4383146281049,2.14866449995813,0.504586737399318,10.9956543361645,NA,"trn"
"271",0.347992628476583,1.53985287997062,1.15286780387912,1.29175790729111,9.61698319664326,NA,"trn"
"272",-0.0214444609736621,1.32214023279872,0.249847785962387,2.53296873087163,7.84698975625017,NA,"trn"
"273",-0.347079690673415,0.829803100540003,2.9270119218111,1.01731441180055,9.98845731179482,NA,"trn"
"274",0.18114535866142,0.929628929931635,0.203353905223103,1.78008050775176,10.7539052564584,NA,"trn"
"275",-0.253677446544527,-0.23142709588927,1.80799889458789,1.57027457835043,11.3298588795391,NA,"trn"
"276",0.0744763023022214,1.54132674211775,0.200066009155101,4.37591586821483,10.5650239008523,NA,"trn"
"277",-0.277837771827049,1.71425667472211,1.00650910083759,-0.253691183651628,13.0513192438644,NA,"trn"
"278",0.485478232526388,1.96938191440031,1.35219714557196,3.31835536455795,13.9486060452872,NA,"trn"
"279",1.46499058947702,1.27902967450942,0.96368253115245,2.57388550015849,14.9051573518495,NA,"trn"
"280",1.02211120487524,1.57516969505506,1.49568014783549,2.03062554515992,13.0180285865392,NA,"trn"
"281",-1.39307021850641,0.667754947961166,0.979454003405223,2.24598562786804,11.4078347355823,NA,"trn"
"282",1.79646589528001,-0.0213077198281268,0.822839094714191,1.47257692021905,11.7751503943052,NA,"trn"
"283",-0.496722903972489,0.779753171604569,0.919632659858385,1.91456072199227,8.62073684179396,NA,"trn"
"284",-1.43978619319018,0.800094440391793,1.4798792015612,0.0653045943215493,7.06798872445777,NA,"trn"
"285",1.67820558213007,1.67255504286002,0.771530826885223,0.823375233552752,10.2263974913073,NA,"trn"
"286",1.08950115569462,0.944593630216086,1.20689084688906,2.25340682710097,8.61684373219362,NA,"trn"
"287",2.76973697184352,1.48083877889171,1.39299287405144,1.40924177637409,12.5204273694551,NA,"trn"
"288",1.06938356355963,1.90912628519551,1.2469284983085,0.732768153960349,11.1572625554644,NA,"trn"
"289",0.980868642044653,0.730075970452874,0.118821867680364,0.878781670910433,10.5095580709691,NA,"trn"
"290",1.41304945425762,1.65316745170192,0.44159573322454,2.6053319591617,12.1998416654975,NA,"trn"
"291",2.19289142610853,0.128374685399674,2.95425624085068,3.02975648586169,9.93084351626393,NA,"trn"
"292",0.95626961614254,1.39693622105882,0.72864539244735,1.39214708327159,11.2300081820788,NA,"trn"
"293",-0.482336444496784,0.333288085060193,1.57938553369755,1.89144539576821,9.74651010327223,NA,"trn"
"294",0.0108592864441815,0.746454047035587,0.981806716496183,2.07949658747999,9.90164412215973,NA,"trn"
"295",0.164574922815654,0.956209615624668,1.87924556945564,1.5606300547641,11.6834963651586,NA,"trn"
"296",1.25269810470901,1.5693015438058,0.379826442265628,3.73714658647791,11.045124025689,NA,"trn"
"297",0.766073368738986,0.551401244996499,1.7586267873666,-0.344474728112362,14.0607143967602,NA,"trn"
"298",-0.298880432377163,-1.03412776745377,0.209348394727203,2.67117164169016,13.9973210160214,NA,"trn"
"299",1.7517605398144,0.185626479378787,1.17052475100861,3.35039685869802,15.3119112466927,NA,"trn"
"300",0.87362040095801,2.29831422786104,0.951841979853521,2.18668966686383,12.1892442088261,NA,"trn"
"301",4.24242294018944,2.59072819553505,0.508886677850949,1.22366193767385,12.3842006052244,11.920143457002,"tst"
"302",-0.46098126639984,0.577248774929074,0.793899475474883,0.747979924557846,4.82865647971047,9.92196095975434,"tst"
"303",-0.985356236230115,0.365453030558392,0.811589207218185,0.99796171109445,6.36163672289179,9.16106000683567,"tst"
"304",0.578266989076031,1.28051598771179,-0.825632223755493,1.13691120066182,9.66842021663127,10.279781033861,"tst"
"305",0.95443246498491,1.29531783979422,-0.434028653561813,2.33191334945971,11.4505371012717,12.2326649676709,"tst"
"306",1.41705913262424,1.7561650237019,1.8769265192285,2.63791369760507,14.1226821548175,14.6313307458582,"tst"
"307",0.696094337258795,0.70842881414147,0.670145184697232,2.81260210270925,16.8214715729198,12.5771640094066,"tst"
"308",1.43272300831594,1.90160063872975,1.89750801157584,2.24742360786216,17.8496905211161,14.1414848139834,"tst"
"309",0.901306116282248,0.290517569319607,1.65091956656728,1.52720693640878,14.1872002340356,11.4829096512985,"tst"
"310",1.51099916321324,2.22729961458975,-1.13967104965802,1.04708979527603,16.1017525778329,11.4386100879843,"tst"
"311",2.02592905715476,0.239286317863184,1.15260238963934,2.85387893732961,13.1934096822531,14.1864517381017,"tst"
"312",2.13176155749552,-0.805308116228895,2.30136223050347,2.35627213278079,14.8447283216158,13.7927444959781,"tst"
"313",0.0934837919397149,1.32408836320869,1.16046656645365,2.45323901506732,13.7389625536667,12.4816863115373,"tst"
"314",-0.404715781279871,-0.890762838687783,0.327829885127359,2.9446982370401,11.8690828401093,10.6912750272073,"tst"
"315",2.05479144807914,1.02697704493033,1.08318026805623,3.66401664871466,17.636061939786,15.1064182039856,"tst"
"316",0.633347150082526,0.438676728747331,1.96757743477539,2.19440408064006,11.2079622752256,12.5608746580044,"tst"
"317",2.59393435107023,1.88305614544246,2.0108017119619,0.399770937918714,13.3130276066948,13.9566457518279,"tst"
"318",-0.741934014735396,1.11377395953945,0.510363431371809,3.07458974429096,12.1649549395653,11.7987748030975,"tst"
"319",2.37538859290623,0.809182290530484,-0.339387731078646,2.31608005155115,11.6995802151324,13.3428204305443,"tst"
"320",1.88892610677943,0.536360197672923,0.811481301809475,1.59909667798321,11.5651881993111,12.1400332138477,"tst"
"321",2.3924724442679,1.26894355814979,-0.702506231257219,2.09816880635914,13.5497058028214,13.1199434253311,"tst"
"322",0.522862453172465,0.622638669526175,2.01339141383594,0.819320864828966,9.87134224673992,11.5003958856774,"tst"
"323",2.36924968167864,0.804863375138437,0.422882410452396,1.83213346974571,11.8635175425233,12.6120123777792,"tst"
"324",1.5280245880087,-0.205620407479614,0.804739110179805,1.55947203886045,8.84414299901619,11.2805430789562,"tst"
"325",1.31957092764142,0.946230295598297,0.367046958943805,2.96012894504265,12.0331914990361,13.304159283461,"tst"
"326",2.35217731264429,1.94903589396539,0.226068444334038,2.32115624344369,14.4808857147603,13.750300521059,"tst"
"327",-0.166650695701642,2.23695677109914,1.68010315506416,3.36431507263225,12.6401924746386,13.7683404428768,"tst"
"328",2.11249285054651,0.783943703956022,2.94992181643268,0.950049160129191,14.5643684432857,13.5776895931417,"tst"
"329",-0.0775017892337668,-0.0864050509616492,0.855792586950223,2.19156603355342,6.7318985052093,10.9205800683148,"tst"
"330",-0.0859624585744327,1.040534438416,0.778420146384166,0.910502921037025,5.43731466450221,10.3143000594922,"tst"
"331",1.56703154827476,1.5698435636409,1.91996972985071,0.423334217043641,13.1168848584669,13.1862764759743,"tst"
"332",1.77429645653645,0.202993970051021,-0.379368755723027,2.81586617146713,13.3529503487498,13.1895653013334,"tst"
"333",0.290635568398618,0.656260400480661,3.5097035990275,1.69921949121505,10.8642348115175,12.4245499135463,"tst"
"334",-0.0620473514964037,0.624487083564449,1.09540519878396,0.432442420613816,9.05638569214556,10.6504469457023,"tst"
"335",1.83192015829134,-0.324988260540623,-0.511166499999783,2.39515003262797,12.494443496134,12.433718607188,"tst"
"336",0.948105384741437,1.31700076894753,1.9269857534448,0.832014536386664,13.1156569321208,12.1638197197513,"tst"
"337",2.23387176510576,0.584476176385009,1.12655208809304,2.21212472777187,13.4607775599212,13.6914747166744,"tst"
"338",1.07857846297242,1.39163279655324,0.982409290554479,3.56268417177473,12.5373767120799,14.0496263359842,"tst"
"339",0.558656935592666,0.561161993889092,-0.703258027707262,1.92477537186488,10.6779241466817,10.7689609307186,"tst"
"340",0.811047350400052,1.74823520163505,0.33879485797788,1.23170341905896,9.82188722724866,10.8069560424532,"tst"
"341",-0.590876458403955,1.75948855165974,0.409720389337846,1.97408867208131,10.5954918879551,10.7287320671852,"tst"
"342",1.63405488748565,1.55814806727962,-0.285816298275636,1.87456176421088,10.6295546021201,12.3925903730704,"tst"
"343",1.86008995051511,1.87512716445908,0.718836478608309,4.39655493652592,10.6609516644692,15.1881355836441,"tst"
"344",0.782071998858954,1.36265346611574,3.0251128308461,1.13663036183368,10.863056973372,12.3962397302449,"tst"
"345",0.34338513913393,2.44923557694446,-0.22672365188868,2.95201299043045,9.62090377693272,12.8532802721219,"tst"
"346",1.80612452022097,0.670935895604211,1.19095669014293,1.34521250234505,11.561384095859,12.2778638767283,"tst"
"347",1.3453726809085,0.05413935638711,0.973989033913089,1.71007543804597,11.7186868366788,11.5815406426801,"tst"
"348",1.19595520524447,0.532940217136267,-0.248693010515034,1.06804937981192,13.0795322936808,10.6689253905299,"tst"
"349",2.17867765998239,0.847008939745977,1.41005358318216,1.73040412175566,13.1116148760272,13.2627047799864,"tst"
"350",2.99416161435149,1.05573693991177,0.0480021888813963,2.64542806474027,11.965502523183,13.854768564004,"tst"
"351",0.620339976340257,1.71959979258709,1.44388190020912,0.112738571602299,9.87584272641093,11.8855618028798,"tst"
"352",2.49424425955052,1.81815617978339,1.56654991367892,1.3019833483893,13.075687311016,13.3736379793705,"tst"
"353",1.10119124038968,-0.15619434857471,1.72064558356595,0.492379851343767,7.6168877365193,11.5897708442953,"tst"
"354",-0.257300658373269,0.67189643576827,0.190976355761337,2.74460005697533,7.569353713403,11.5858733039734,"tst"
"355",-1.12123359998379,1.02239598636568,1.27876874285755,2.15804950092342,7.68421636056494,11.0124280844463,"tst"
"356",0.560405013766314,0.839297197631126,-0.399730928252136,1.10091354061236,12.8813649293929,10.201018145983,"tst"
"357",1.65130771378542,0.889665573857479,3.12629406092311,1.11406465627204,12.0584854268921,13.2741308624538,"tst"
"358",1.81303619840235,1.92384464950371,0.532082722012079,3.00732612586507,12.3400896145879,14.3128866915633,"tst"
"359",2.19330939363776,1.01114735480351,0.693065311473472,3.5501840773337,13.6999839878734,14.7204542278648,"tst"
"360",0.649932737790529,0.21630452346116,0.208919727453039,2.29491363335558,12.2558109897964,11.2906466701939,"tst"
"361",-0.363769478181283,0.292269910271393,0.773866579986978,0.796974857119151,10.0351926968811,9.75041459976241,"tst"
"362",1.25105944512085,-1.18776173167582,-0.0995745815282159,2.11888706948157,3.86174308421879,10.7842727598587,"tst"
"363",2.46207811656995,1.88531533955686,-0.63235944585779,0.898726450375652,6.7322522095108,12.3409881045694,"tst"
"364",1.96797513167002,1.02405732833786,-0.184290549006623,-0.0651710757819952,5.43895635455575,12.0839733482801,"tst"
"365",0.883157702979555,-0.00550808703900763,1.73065140897336,-0.0724001301561104,6.80881786477637,11.4486341943488,"tst"
"366",1.19865973301011,2.4853083043288,1.33501010760688,1.40606910626635,11.2336708645613,12.5049284387975,"tst"
"367",1.13082832365155,0.417231132492789,0.919440086798902,1.96764103063985,9.41883247782786,11.8956987281698,"tst"
"368",2.91258389497912,2.32146782293104,-0.616658136873333,2.34660252752683,11.1924939282784,13.8908178710388,"tst"
"369",2.87715585350955,0.601427717318229,0.826459553462501,0.0984522510943455,11.7908911511015,12.5020026462274,"tst"
"370",0.371115102024745,0.475634888032772,0.627038369187825,1.39270223050054,8.37414950740168,10.1292622487665,"tst"
"371",-0.48409192439298,0.867338914517225,0.859815873182869,-0.189015715389526,8.52441335035695,10.2596137873555,"tst"
"372",1.53551794122038,1.59320261783926,1.90887980891603,2.93635585825219,11.8181160955963,15.0152598852044,"tst"
"373",0.0330028586588241,1.80686626843987,0.635050581671218,1.76071161124259,9.77980798805621,10.9716384857046,"tst"
"374",1.7819118083862,0.397624921343434,0.47603269464692,1.60621758583716,10.4259010855174,11.658421122002,"tst"
"375",-0.00666742116212871,1.65089242373105,-0.274379880228914,1.95342582098431,10.2891852605811,10.9937200451824,"tst"
"376",2.03520609567483,1.58046207855446,2.67507860215334,1.4327564146673,11.9951041184209,13.8283885998636,"tst"
"377",0.454131876896361,0.47829435071137,-1.44539312474569,2.17218798984575,13.6805151069759,10.5342574204777,"tst"
"378",-0.294172745091701,-0.183844989168606,1.36616551270587,2.81702619797466,12.4310066972975,12.0177591684292,"tst"
"379",0.956068822381223,1.75419094357946,3.361192556991,2.13397345716261,14.371441646224,14.0652697625986,"tst"
"380",0.320630089514013,0.307714758017471,1.59941081158091,3.02821033604756,14.0606763524634,12.9872838274,"tst"
"381",1.49768097999896,1.31293393875513,1.16416883523864,1.56966051025958,17.1770999397736,12.4310661130841,"tst"
"382",1.42182126071701,0.667236959392119,2.66196441555067,4.40182755508516,16.8527798890558,15.6105856576276,"tst"
"383",-0.833590473177514,-0.334796703910992,0.735224324510065,1.82658317186991,11.8221619439183,9.45358719011618,"tst"
"384",1.44605341038418,2.16040684016965,0.97870883477051,3.61927793998946,17.1677836237571,14.7581513021808,"tst"
"385",-0.0064106545891951,-0.226850605628818,2.40524405207376,2.5475907355592,14.6359738088736,12.5365088636579,"tst"
"386",0.493794874239573,-1.40647758301515,3.79419553357613,2.41280311160545,14.2221961565209,12.6408187030279,"tst"
"387",-0.959105218845316,1.26477598735921,0.231141621251564,3.28467603569945,10.7864616880549,11.6221802237793,"tst"
"388",1.07742519590882,0.836171611447142,0.10706480061724,0.751655248119243,12.1109780570667,10.8787377257922,"tst"
"389",-0.80698581295569,1.88419521609897,0.320822667777569,0.250822739485353,9.72343673483414,9.9636182446528,"tst"
"390",0.860515504612833,0.338625652912497,0.971317810286625,2.38273842517618,11.0558047754885,12.2665709405314,"tst"
"391",1.2235233651658,0.491033272544891,3.76579761567153,2.11202187409403,12.917961406731,14.0603449536367,"tst"
"392",2.12267285301948,2.64430696454767,1.35103400635447,0.836113340799022,15.3444945669996,13.6173652044141,"tst"
"393",1.23931315943573,1.99202179659042,0.737086986354968,3.85696620331521,13.9643044931102,14.3441563357543,"tst"
"394",1.26075940134472,1.10479096896487,2.0376935952153,1.63700551107046,12.3493665690481,12.7574923628578,"tst"
"395",1.54316355404479,1.77934665434775,1.67769498609407,0.159348206957556,13.5494593579408,13.1023619902437,"tst"
"396",1.12876081143266,1.17100832120899,0.763011472288346,1.02891528412384,7.71156777286624,11.2897984279911,"tst"
"397",0.0370034136570911,-0.214144261330441,-0.881788225801108,1.37552971755917,2.73458396156116,9.14572236545138,"tst"
"398",0.956097217763992,1.41964833967652,-0.586156618698514,1.83684364225298,7.81517395390452,11.4425523357664,"tst"
"399",2.54914877005124,1.59061087751652,-0.550398571938255,2.52948379625047,8.60560979829092,13.9748310299612,"tst"
"400",1.80904396767877,-1.09152909431424,3.41184705032685,2.78291439262769,10.6051602943789,14.4119437773421,"tst"
"401",1.51101044158711,0.557013536423024,-0.551246652411657,1.62027296092672,10.3633552790908,11.3739854783791,"tst"
"402",0.411264529072897,2.73840064411314,0.331553411236025,2.09028811882104,11.5374243771918,12.1074798238558,"tst"
"403",-1.39035340969659,0.539789786870218,0.575020049138541,2.78238077301075,8.05021574089619,10.6043293470804,"tst"
"404",0.692691586559388,1.0524442891615,0.651729352629372,1.15560757033787,11.745233680712,10.6484362597618,"tst"
"405",-0.733274010291993,1.15116906677563,2.64154692483937,1.41201478199371,12.641756507714,11.1963789323116,"tst"
"406",2.163393240554,1.68456536959704,1.28319776469863,2.17751097783784,13.225070462831,14.2174192474943,"tst"
"407",2.73536667580479,0.00654676552802669,1.61293500198471,3.27824966249036,14.5442750369723,14.8727253436637,"tst"
"408",2.36613383938386,0.847451649373426,-1.23544951189703,1.80732164668985,8.73071613101553,12.1431762493499,"tst"
"409",2.75174927688933,1.95979975586053,-0.926482910124199,1.78542210420655,11.1228834575047,12.7330322295633,"tst"
"410",1.23197327001251,-0.0420023716748907,-1.49009690225173,2.63303039373767,8.01761549571989,11.6412216875101,"tst"
"411",2.16874323524267,-0.0358983212567834,0.892762417339066,2.90465161215873,12.4250301162902,13.9179492366944,"tst"
"412",1.78347257508744,0.759833210794638,-0.287419352647921,2.74492776009162,13.9799141529027,13.5052192384547,"tst"
"413",1.05754717084244,0.293942864827412,0.758189867903648,3.51763841749006,14.9029990776529,13.1853524929268,"tst"
"414",2.05684295491128,0.693351527642164,-0.146356198021778,2.99321082275145,13.5861359926954,13.8752946297066,"tst"
"415",1.40169651305919,0.260167211381319,0.476574541536456,2.37713076618303,13.2982187126049,12.3894204350696,"tst"
"416",0.774333993539378,1.27766788697066,2.44873710527407,2.34327606198819,15.5914871053982,13.6548344323601,"tst"
"417",1.9434167771141,0.417713771285201,1.47408809315394,2.33057449515558,16.9306769323357,13.8594169788223,"tst"
"418",2.56087303063446,2.57323681635782,1.58875544191768,1.92239709865361,16.694285412117,14.5498684834752,"tst"
"419",0.872935975134407,1.76733914202312,1.73574553140226,0.69590728442803,9.93412136203276,12.2060833883919,"tst"
"420",1.46187363927674,1.53965362029438,1.02750773315592,0.464509606374502,8.00023736401366,12.3855149900672,"tst"
"421",2.13088559637565,0.0199340245172697,0.76997638514599,-0.0276448575027719,10.6999598498283,11.967446229571,"tst"
"422",1.15132687987794,-1.00984054862652,1.61236316990484,2.02102301058999,12.6925836468472,11.6988764418494,"tst"
"423",2.33284057173565,2.23396584535825,1.22094152266164,2.49169817370742,17.4464176213468,14.8814898917325,"tst"
"424",1.25291005357561,-0.743456094983575,0.0805932958288351,2.6026238506986,12.7056090964066,11.7838085863242,"tst"
"425",1.17703156826633,0.366557723679403,4.05626287513426,2.06819132835734,15.5655496613113,14.0503905429287,"tst"
"426",0.657739498290413,0.936823955843843,-0.219699057714891,2.74509082563487,17.2225912995895,12.3428079571018,"tst"
"427",0.702353246947608,1.84268698150123,2.23882403465422,0.881949615345517,15.8723309567246,12.254465215839,"tst"
"428",2.78158813908204,2.12206452964451,1.8720799642365,3.25203276860261,18.1481865844628,15.9662023502283,"tst"
"429",-0.500056113141485,2.67058983297166,0.613332741196104,1.30900903149984,9.15519944755011,10.5759007162764,"tst"
"430",0.861752903810987,-0.585408986871635,-0.712015828874555,1.74332327268334,8.34880092498677,10.0326282525528,"tst"
"431",1.23493099618606,0.440073606072847,-0.851429036013495,2.0177102816767,12.1405978845683,11.4877000988234,"tst"
"432",0.0324456048147059,0.816850845737728,0.716134410121195,3.42916507770968,8.580842714059,12.5971406224416,"tst"
"433",1.2407392946214,2.09611745614039,1.61772053499997,2.87720974407921,8.47567059032107,14.5639233504553,"tst"
"434",1.41026125477216,0.614251741026992,-1.73083326740905,0.508127626575382,10.065804760692,10.3936903809648,"tst"
"435",0.743021594808797,0.595947113952325,0.171817543394014,1.57162662687826,8.41460388806486,10.4681909450675,"tst"
"436",0.318147100353679,0.356844649945474,0.125772865745543,2.41762466799402,8.1186866220822,11.3051849303201,"tst"
"437",1.7681777152414,1.54064007068441,0.144315057475924,0.779593680071036,11.8206133599221,11.9469494255126,"tst"
"438",0.846392309119849,1.07289761109122,1.35725322924567,1.98045475905625,10.2261426402971,12.3648407747976,"tst"
"439",0.776950073265792,2.49074239457844,1.10146720858167,3.65113324264227,11.9919606183628,14.3326513111683,"tst"
"440",1.07606908158537,2.10020817955388,0.851623478427362,3.27395672540007,18.1526028495321,13.9587730158047,"tst"
"441",0.798702082972019,2.11172214689651,0.940137724946528,0.462093376886827,15.4637803110768,11.6785076106126,"tst"
"442",2.30058538267466,1.1550690383213,0.986804786213548,2.83524348053203,18.2161057836956,14.6878328887936,"tst"
"443",-0.495584210255269,0.151368060196845,0.55956370879863,1.10729971867703,13.0324348400972,9.22586297737358,"tst"
"444",1.57863627378139,2.47847808694493,1.77031968733803,3.20409007797234,14.1707171060058,15.5036642032318,"tst"
"445",1.527109275087,1.09085383676612,-0.321961302965422,2.45133784715169,12.7982821308552,13.0316370781021,"tst"
"446",2.48312617068947,1.25526453817656,1.28556869560335,1.60312649786074,16.5486092608158,13.2469781545024,"tst"
"447",-0.532180371927865,0.505617729622688,0.179705514282927,2.61190625881959,11.1071371520745,11.1210776614018,"tst"
"448",0.589812945239432,0.710638786244811,1.58282731083485,0.14293734347216,12.9472035768529,11.5535717138954,"tst"
"449",-0.0231988927609148,-0.0298940870727222,1.48372817820675,2.26527267890583,13.1950203569492,11.6473576167629,"tst"
"450",0.100811775280859,1.48214034630833,0.881346189907839,1.74915146264921,12.3088545559481,11.1394178901222,"tst"
"451",2.24434439386765,-0.7552340377236,1.14801192230252,2.52006899244576,15.3220075838796,13.3369100854507,"tst"
"452",-0.698052810071412,0.692821879210649,0.189509871722937,1.11803852222082,13.9094824072163,9.238378827398,"tst"
"453",1.39978724146249,-0.119649342022016,1.01035131665646,3.27561604416735,15.867791246218,13.5052305580078,"tst"
"454",1.5600242823128,1.89851664107359,1.1955301369619,3.48796404038221,16.7697270030808,14.9403631696227,"tst"
"455",1.47997686353486,1.7283933562938,2.69480646081271,1.35573592340083,17.2372056972744,13.2894703348455,"tst"
"456",0.911691875763035,1.31736987376239,0.9462498210839,2.63605388936542,10.1699284432077,13.1599580248282,"tst"
"457",-0.426423451801729,0.0187012648086401,1.82618389844394,0.994575362898509,7.85571793819922,10.3029480463531,"tst"
"458",1.62563322148789,1.07148062619482,0.563526246354139,0.411601957100917,9.60731800725202,11.9591571050615,"tst"
"459",-0.347508583986215,0.612419323519853,1.5165375386094,1.76833019440723,6.89699979716699,11.0437121297667,"tst"
"460",2.05190322886664,1.06238132375812,1.46789763860706,-0.550055195317924,9.38509914816849,12.9151311423963,"tst"
"461",1.92075032597359,0.223532387793012,0.642238607199008,1.09028454797459,11.0135541447462,11.4912671220758,"tst"
"462",0.562618101282043,0.90006956313536,1.5246897215684,0.573743054259252,8.93910900343208,11.5229876472673,"tst"
"463",-1.18865208043524,1.16403795657972,1.14038531443763,2.12908490798265,8.25383957679605,10.8233573763668,"tst"
"464",1.170155071402,1.20938938285675,-0.506988610395037,-0.699484301301357,13.0031545295682,10.9433286552849,"tst"
"465",1.75255736669697,1.99856789397996,-0.188689968298164,3.03935461827465,11.1096606999441,14.1444502697621,"tst"
"466",0.152387256686466,1.73051400737903,1.44773328187099,1.70190902054402,8.903984895527,11.6718051620981,"tst"
"467",0.707279752548905,2.65692803379639,0.362457387262777,1.19138491607889,8.74802924733575,11.1876317334084,"tst"
"468",1.68458514577896,0.900880334240893,0.767221382971853,1.52516463508461,11.5326007341861,12.043024760618,"tst"
"469",0.10649174735027,-0.700723805322538,-0.0986628153375286,2.23074693002399,9.53449207257275,10.2340270563524,"tst"
"470",0.797224171187629,0.670529026794893,-0.418172126214492,1.89782260136276,9.75964905675027,11.0675713180835,"tst"
"471",0.647196502820641,0.967445460185829,0.942085253308617,2.59461250954254,10.9163399663639,12.7223083605122,"tst"
"472",1.97402727723307,0.689080896581607,1.18501814102218,1.6211255768395,10.3671077003144,12.702863985813,"tst"
"473",0.272690998502462,0.767411708175397,0.862391656892791,1.50579920002186,10.3441755544318,10.6033233666008,"tst"
"474",2.59393704381351,2.1953898217268,-0.168690588667298,3.30955862759095,14.008144798404,14.7860815901947,"tst"
"475",1.61803870756684,0.711644299611663,-0.334829571631267,1.44776590349136,14.287420671886,11.4251339447304,"tst"
"476",0.358754380141051,0.139186201904058,2.78239229498361,2.71019445566487,16.1881186377883,13.289976072022,"tst"
"477",1.07466808428385,0.816616660904217,1.27396211616562,2.04338316948093,16.6030373691864,12.5473522634053,"tst"
"478",0.478259559443201,0.825354180503918,-0.0332211237835101,2.97438306263122,15.3278739348991,12.3238916927422,"tst"
"479",2.16966957054371,0.699973003047013,1.62213575879318,2.95114687638534,15.0818981675961,15.0173482425566,"tst"
"480",2.96972815184,0.24808330848983,0.828701359068796,2.1316981175228,15.6269290000796,13.0579041229567,"tst"
"481",1.9816850014353,0.398348606290995,1.13149186562173,2.38527821836433,13.8431481126414,13.6881953299456,"tst"
"482",0.631273821537717,-0.469814613084583,-1.20238557515841,1.059729661803,10.8009103896552,9.11061212291599,"tst"
"483",2.2313639782405,0.604029968581233,0.173120637499064,2.3363631419871,9.22215617579829,13.1851067078148,"tst"
"484",-1.38660251189373,-0.537258409885579,0.484679413494952,1.37455912121299,5.81738800706219,7.90368058400065,"tst"
"485",2.08849923947711,1.04626324133582,1.99795204027263,1.30987381372609,10.9990964974158,13.2250741672216,"tst"
"486",-0.538284638968127,-0.582470523804596,-0.286777912597562,2.40814254049378,9.4899003570649,10.1763091486075,"tst"
"487",1.12499008814381,1.72528057092182,1.54333205514008,1.84224200271749,13.4115036429757,12.8205084764922,"tst"
"488",2.24008134102131,0.322902715299793,1.96942931745857,2.32697749116675,15.1715752129374,14.290764690753,"tst"
"489",0.273123951261277,-0.12366797173254,0.323215711653546,0.919955129622858,10.1628838047989,9.50751628254211,"tst"
"490",0.243590033550064,1.30039500504895,1.08700897346829,1.71321329295686,9.12012935759055,11.3027580892797,"tst"
"491",1.36594132781398,-1.25447409746928,-0.0611338673744242,3.16710442089772,6.77439396472578,12.0656132763173,"tst"
"492",0.199104520984261,2.26958706862126,-0.62333715909479,1.78665429789253,11.2984129321528,10.9920729128817,"tst"
"493",2.73364396598277,1.36844174870343,1.64959556389352,0.0725377867652097,12.3795536080932,13.5859198418282,"tst"
"494",0.251753343567235,0.849528452538523,0.996122458105635,1.86395469461223,9.58597431690217,11.2870286472704,"tst"
"495",2.10989085366915,1.70676670873091,0.826015367372154,1.88932599620549,15.3636881324308,13.2864674137162,"tst"
"496",-0.285963490657357,0.480297210287239,2.09412487535473,4.2510453232119,10.3239252255222,13.6656734856209,"tst"
"497",1.7256202667963,0.677878993266924,-0.284860945413772,2.288000986991,13.7730380228378,12.7940041684682,"tst"
"498",2.33074078456126,-0.707723351453271,1.59517529719218,2.14450210417364,11.0972380319297,13.1690888297549,"tst"
"499",0.95874521591196,0.549305618820937,-0.548335610510398,1.19973556580373,12.639531886675,10.3708850910169,"tst"
"500",-0.331725728777303,0.884509396347768,1.31327065171149,2.08635685501679,9.72877201080827,11.599916034432,"tst"
"501",1.32530606223869,2.28321658369209,-1.43342123113244,1.08086941816165,13.2298071720159,10.9767486788209,"tst"
"502",-1.13828290182452,0.381788652870262,0.673240764902964,2.10834571516528,10.4217408284801,9.94622211191297,"tst"
"503",-0.0875083320814107,1.93394856407957,-0.239708146389854,-0.2227824215004,11.7001831157201,10.423801517829,"tst"
"504",-0.178262139247261,1.26347504976441,2.65972240905659,2.33239659137319,10.4475946618695,13.0498082164414,"tst"
"505",1.87300914406385,0.453890666688506,2.87135487716464,3.22670802132111,15.1375041012976,15.4437851140553,"tst"
"506",0.060979273094019,1.14505193805739,0.680421696018943,1.57669959873897,17.9825866862894,10.5371143764133,"tst"
"507",1.24817355256613,0.343474995661528,1.52265319169747,3.07464316468352,18.6494314133679,13.8830927955191,"tst"
"508",0.0671094246842325,1.02178234332735,1.61160726374956,3.86234706220863,18.1288484743869,13.7448722145757,"tst"
"509",1.48108014359847,-0.795805837289175,1.22488509750999,2.43265497394013,16.1717799234286,12.6071655423186,"tst"
"510",1.50912490641157,0.0927881041987465,0.645588308317223,3.80616789679468,17.7993418328041,13.6853080197102,"tst"
"511",2.21494338178863,0.815924980974568,1.01767090325251,3.08379758137015,17.2992002794036,14.7136812863456,"tst"
"512",1.74701025791368,1.61831908358628,0.053352386959161,1.98007497516611,12.2838205364019,12.697791994808,"tst"
"513",1.73330180374317,0.267906009770943,0.305312037910128,2.48748436330151,11.7337762339789,12.8439818255692,"tst"
"514",2.20410360280305,0.0815452584763711,1.1191798313529,1.88603758461329,8.14255234797561,12.8082595041554,"tst"
"515",-0.96235793686669,2.11525793688513,-0.181241221928445,1.3825231218421,9.66105385317081,9.57325719966942,"tst"
"516",-0.0566725224254956,-0.736087782751319,0.469766145254287,0.812881917210663,7.7473397893998,9.0382465027389,"tst"
"517",1.54527211669544,-0.685809414167019,2.1409480988683,1.94452875757118,9.73625128195662,12.5814548032237,"tst"
"518",-0.304017868109888,3.03039224092295,0.533434609745,1.75068072124918,9.23387643044792,11.4975967919457,"tst"
"519",-0.597039320644756,1.40397839651273,2.40537996765131,2.56420479349926,9.13251130576721,13.0268770609819,"tst"
"520",0.112984083257407,3.29882962105124,0.356757295988078,0.669627248082468,7.65959330029083,11.5679724376209,"tst"
"521",2.05574719294909,2.68748889447318,0.811409586996551,1.31712842752214,8.61346199997349,13.0438248777572,"tst"
"522",0.111408124778229,1.93954721347672,0.461561256843966,0.276537966155711,6.7342633743293,10.7085376052646,"tst"
"523",2.22493177092058,2.77402708336723,-0.331619332884574,3.9424995673636,10.0463082697279,15.5270931731138,"tst"
"524",-1.32571592893784,3.08769680989492,1.46879057298375,1.13974586143738,13.2530823867831,10.864903586854,"tst"
"525",-0.41236133735842,0.0181043792357293,1.09670260213681,2.40694433319236,8.57123849758972,11.3377321635309,"tst"
"526",1.63621624177587,-0.00780834549575893,0.302865795162741,3.3617615567209,13.5766567635842,13.3015695176751,"tst"
"527",1.72951004199926,0.340765071521562,-0.636297237417645,1.89566554459537,13.0416587300763,11.8714155428067,"tst"
"528",-0.273463525578339,1.65350203844088,0.617911439193699,2.1318120372108,10.6828399561002,11.352350495386,"tst"
"529",0.039408431830837,-0.213406554843228,1.36930007892165,2.26899503921181,13.0962610248663,11.5016926688668,"tst"
"530",0.602086237642133,1.32500996498364,1.5935986536677,2.73791587592947,12.2939811483676,13.5115773655969,"tst"
"531",0.579262281465614,0.624466016891966,2.33311518609539,1.18470790621893,11.5631164509283,11.6107288859507,"tst"
"532",1.56413924041307,1.9576338968118,-0.286928504303364,-0.0778751464345042,11.615478192006,12.0041621073889,"tst"
"533",0.564830001171848,0.749753153388971,1.63503765534413,1.39026627826454,9.82802660246079,11.3431640647541,"tst"
"534",1.13681137852959,2.37429578431296,0.934503969954894,1.8118562060029,11.3151318262051,12.5102245751862,"tst"
"535",-0.166990110165648,-0.841100154274595,0.811516246910923,3.27508604765753,11.9042502304942,11.445938138885,"tst"
"536",1.4645089040563,1.35889231564107,1.73009595348228,2.92750485304679,19.2688431451049,14.7310277025557,"tst"
"537",0.341409670636205,-0.628715005857672,2.86897828880164,2.92432405195433,19.6223781402647,13.0200051702995,"tst"
"538",-0.0198959294905385,2.31112257796609,2.74048720183711,-0.219871806839565,19.8151270123117,12.3044956976153,"tst"
"539",1.78658870995742,0.500384683550049,0.776361826138861,3.86005445575155,16.3335305623845,14.390430879247,"tst"
"540",0.67254283265801,1.31795674806285,1.56239983764774,1.09350125068728,13.9287906587004,11.5419772146867,"tst"
"541",0.670004942469161,1.1730680160613,0.779633514656996,2.38327553914659,11.0163654596284,12.3613049917296,"tst"
"542",1.15995855997414,1.3717911179559,1.22854023702148,1.87710861812326,12.0647218030042,12.5585296832319,"tst"
"543",2.05183927408182,-0.809664293174875,0.508012456741763,1.81129943683378,9.89204048993413,11.4573072553697,"tst"
"544",1.35329154239173,2.6187389183412,-0.546281090330952,1.7360126600057,10.6932683932236,12.3173004134429,"tst"
"545",-2.94250664038415,1.85864671495737,0.699387891410133,2.90911514969379,6.33682842298134,9.48618230103736,"tst"
"546",2.70565489681998,0.663629307681774,0.413845494584938,0.770662922415617,12.5575052788348,12.0536863880423,"tst"
"547",-0.656728571299794,1.55839112142039,0.854332498641012,2.32729157141203,9.82121500817552,11.5729113648704,"tst"
"548",0.00160952951477389,0.540032306719225,0.66126709185327,0.863074340942956,11.7641359869222,9.99210016861977,"tst"
"549",0.683350505492536,2.78635157537008,0.503083155115586,2.7674032764359,13.3910044865834,13.410734812754,"tst"
"550",0.839513707304269,0.010642304950787,0.468746026248598,1.40061067461914,13.5826146254673,10.130432239021,"tst"
"551",1.77613251514429,1.3508577909737,0.645283527449415,3.63322304185803,15.6530129223596,14.548408240038,"tst"
"552",-0.566106205570972,-0.340530074747975,1.6748829745291,2.85123963018808,11.8465877656673,11.9635815511855,"tst"
"553",0.831512226483144,1.24460313568222,1.24728397268971,2.3129207133385,14.0791412370178,12.8743816529012,"tst"
"554",0.298600403261944,1.37743759653223,-0.644310852946501,1.46872265309841,9.78650203782198,10.3376478869786,"tst"
"555",1.47102145554461,3.69273619596191,0.60021989923749,0.790843813724423,13.1551534498074,13.2558880061128,"tst"
"556",0.428628411992109,0.346256899147801,2.00776156992793,1.2506451964342,9.67965891805031,11.1128805114292,"tst"
"557",-0.76525964785827,1.60603517556899,1.23887941142565,2.98736870934619,9.82877952072889,12.5835916243992,"tst"
"558",0.0920624353157642,0.84783393440668,0.0892301954879032,0.763478852093514,15.795570669215,10.0426551737945,"tst"
"559",0.533254176479462,0.552692812426604,1.55908680654618,2.57167521588864,16.3772777719407,12.866828998903,"tst"
"560",1.21283782227669,0.465183036987877,-0.355335588329366,2.64738852090224,15.5229996749372,12.5444869864591,"tst"
"561",1.23223422715689,0.446789743615041,1.39927124919874,2.47833076067494,16.1805482662253,13.2755877469973,"tst"
"562",0.129302737180451,1.56893642244474,1.11752759907305,2.01151590272546,16.0222875229967,11.8517032595132,"tst"
"563",0.975374026909019,-0.915151822054501,1.76362190753172,3.78510184129154,14.3672282156598,13.3407350367683,"tst"
"564",0.30891447972058,0.154875853313721,2.12349311714905,2.00541334060366,13.9156507419096,11.9236987239959,"tst"
"565",1.64879602233857,0.569246517910372,0.653948603110868,2.77566042238569,13.9514298304548,13.5177062720762,"tst"
"566",-0.249763433926755,1.40506458163824,0.150752114992112,2.35120833770323,13.0490265483251,11.4119334240579,"tst"
"567",-0.268714079688795,1.45032915292987,0.762395101483921,1.98908720674251,10.934311676313,11.1837574772695,"tst"
"568",0.104555642470857,0.625374355527002,1.75362875472226,1.84224289887904,14.3805671053904,11.6064469738974,"tst"
"569",-1.49166430634689,0.297659020320198,2.01759060543625,2.43019816744472,12.8602908565574,11.0544454292481,"tst"
"570",2.08273961676489,1.30204248031608,-0.304666558647284,1.21204818914552,18.3936775749555,11.9565889390596,"tst"
"571",-0.40487418152692,1.75919565033943,1.9270224623665,3.54850408722975,15.8234844343821,13.7258883235889,"tst"
"572",1.97146574693538,-1.08994105546573,0.956058090319552,2.84538673594924,16.9137340603349,13.1351619338933,"tst"
"573",0.828281838003156,0.877862113987978,1.34922057585442,4.2666132617506,15.7625582721603,14.2237027217014,"tst"
"574",1.17181410719455,0.68289770172076,0.857759964827891,1.22231046975334,14.9778054127856,11.1928338969875,"tst"
"575",1.95955431286282,1.41972268439498,2.53216099092078,1.37989571447169,11.9204250028442,13.6231578811259,"tst"
"576",-0.00991726094328582,1.49028503629998,0.192674658582844,2.01107528525436,9.31252532367275,11.0331037349497,"tst"
"577",0.226949440741718,1.41493963076433,-0.79632006894275,1.46398476490693,10.4382081806657,10.2471350927873,"tst"
"578",1.56580490516698,0.528354581039549,0.778546680860642,3.87813156980385,10.7938050959823,14.1917892778445,"tst"
"579",1.23393656857124,-0.286849641583751,1.62691939079696,2.06736522011208,13.2403458187106,12.370494504441,"tst"
"580",0.237764381315347,2.00268559123071,0.520531076128291,2.98793512724509,13.0033412402736,12.7169719978093,"tst"
"581",0.356548627458297,-0.592298819404526,1.62742506793068,1.56947283783859,13.0946738873715,10.5199211891624,"tst"
"582",1.49306696978697,1.05684557358622,1.88813654137894,0.717898000201056,10.833585297859,12.770328738555,"tst"
"583",2.17717432647548,2.74753308423632,-0.0119553592249051,2.00961268495848,14.4791434392314,13.6754623154226,"tst"
"584",-0.135459842064301,1.70777461432029,0.551218704320835,1.75370481480012,8.18118165779141,10.7676130506458,"tst"
"585",1.65280584373665,0.905878627785238,3.74147899246599,3.61556046647016,11.8803078265065,16.2581988949695,"tst"
"586",2.12325117333091,1.55600349953775,-0.282735673378463,2.56680783191252,11.4180024691321,13.8921634989862,"tst"
"587",2.37735938840659,0.697099988004329,-0.37342932231902,0.972951824802752,12.3351888782165,11.8604479737229,"tst"
"588",-0.49949730016732,0.584131641115837,2.63857268116318,0.682114214056444,10.2046699986226,11.2137263261993,"tst"
"589",0.0771659370296728,0.849278371486277,2.05317623534215,2.94997535698233,7.61250675520405,13.4211151861065,"tst"
"590",0.0201925532439651,1.33106192358454,0.401290587867375,1.93180236270902,9.33669605299767,10.9193061954286,"tst"
"591",0.748436063793237,1.64440612858148,-0.639098050090943,1.24451926613992,8.516949397849,10.6440348002038,"tst"
"592",0.278008432412264,-0.348863974775362,0.393071698405752,1.48826242773941,9.34367349071444,9.50302592657406,"tst"
"593",1.85580641202676,0.797270926522916,0.773663039328199,2.28391734948803,9.77078299115447,13.3501539564956,"tst"
"594",-0.596160392013004,0.712480197971191,-0.349514000947762,1.05813926692115,7.20260258527725,9.35497149599631,"tst"
"595",0.84972510253027,1.9749434868531,1.34179010265059,3.09783602814021,12.16688803534,14.0223070527024,"tst"
"596",1.92135553502162,1.07489914722345,0.452080356944227,1.80320093116762,12.478709861614,12.4567846176392,"tst"
"597",0.495798203250426,1.72908116610833,2.28521369487859,2.99247836000027,13.4103326052225,14.2033225278538,"tst"
"598",1.57605560418146,1.54135677533332,0.576516411813014,2.14937139135049,14.5538280018308,12.9641028216507,"tst"
"599",0.488711773909458,-1.09922800509837,1.42172470782997,0.776339699862867,9.7953721777576,10.0299102137568,"tst"
"600",0.0271545787619456,1.13900152712198,1.14480059255743,1.84649997678189,10.6223372020457,11.3761782549392,"tst"
"601",-0.13725602786829,1.27564708445064,1.38001174000656,1.22781328417423,10.8434360741854,10.8458111637818,"val"
"602",0.881545418964933,0.148497641589249,0.504237367942045,1.60733289430735,10.7221855792791,10.49011945553,"val"
"603",-0.056327264751048,0.188164667043554,1.10123719190952,1.76694065263895,9.71283751818522,10.6107436214709,"val"
"604",-0.204117743008331,-0.107895796432754,1.7939215857528,0.525549650553065,8.45332153290537,10.6144932963287,"val"
"605",0.238171396867633,3.03483877065644,0.891270788599969,1.60849946812648,11.9676435570603,11.9609961894639,"val"
"606",0.409564577266843,1.3770414981594,0.231479886966341,1.67693751207254,9.74597651520112,10.7172260600293,"val"
"607",0.0111334179450887,0.728360114092092,2.17360216240578,1.50283227752866,7.85618803773359,11.3921593854661,"val"
"608",1.09579825295376,0.913163958876031,-0.0735104198106908,2.02435378649211,7.87208383141333,11.7466208735954,"val"
"609",1.42495237897037,-0.987252969701694,-0.187581145100773,1.95034724940805,7.78545233826196,10.8379741453015,"val"
"610",-1.63444352559226,1.26828651138505,1.47856493274044,3.83827060362951,6.88872555764529,12.1330791798225,"val"
"611",0.682362278631578,0.432168336858618,-0.648603020476948,2.59067483259349,10.1622170508578,11.8335001322616,"val"
"612",0.572466442554629,1.76248942806383,1.59811413204477,1.7938406366171,12.7133705801093,12.2270581486123,"val"
"613",0.145228630537105,1.31777044315424,0.140584373245294,0.659574035927482,8.52503895178672,10.3196187506117,"val"
"614",1.54710871213914,1.22534619956411,2.75183072176016,1.15976540583795,11.5898042474974,13.1403150589839,"val"
"615",0.663521871155928,-0.90870073157852,2.05054427179753,0.758874250626551,10.1505117133275,10.7054393703504,"val"
"616",3.24413182412216,0.888152142019289,1.66217917403944,0.791967262258167,11.9030379648655,13.0333277014989,"val"
"617",0.681976352013964,0.887484181313013,-0.0851896601942872,3.28675983121267,13.0528551321399,12.7017845723869,"val"
"618",1.93462054162831,0.182280106774943,0.908866578312961,2.43283294124057,12.537226803258,13.3776777664941,"val"
"619",2.51082367646573,2.95520878802487,0.876007055002162,3.92799796362275,16.0562578691693,16.2525300105995,"val"
"620",-1.33928464782826,1.12565053727715,0.485704503155028,1.51296637524615,8.65246120109084,9.06527800634701,"val"
"621",1.27293469241822,0.667770510038836,-0.0327443152472666,1.9167607723172,10.0997584673573,11.6393430619704,"val"
"622",1.67686734397209,0.566996398487728,-0.681884060724656,1.06649258708762,11.0889573518808,11.2107992072746,"val"
"623",2.19098032493609,2.03664245773892,2.71998274599827,2.93031664395579,12.1658664764373,16.0993652107144,"val"
"624",2.18330426714002,1.92557513804542,1.85600373687032,1.93567679687543,12.65930294058,14.2783023264545,"val"
"625",2.25254216500662,0.679912475211476,0.551275685989196,1.73050631434341,15.6899115969149,12.414099301649,"val"
"626",1.54212061356788,0.754323121326246,-0.92680768789498,3.55342427825272,14.9410447318349,13.6004871034155,"val"
"627",1.85470150174404,2.52362343247828,2.23178492977484,2.66907856129978,15.3261271365951,15.6999122008945,"val"
"628",0.795115965919619,2.72645614741221,1.68810652529223,1.64415170009629,15.433335175649,12.7988268706261,"val"
"629",1.01864880436731,0.75246258998012,0.627005626563805,2.5146262722458,12.1741999255704,12.5681553593656,"val"
"630",-0.75786389076107,0.567464087378849,0.255630099464896,1.32829553933216,9.72423978381702,9.15248929423821,"val"
"631",0.368770032398038,1.56940215530422,0.697917285956416,1.96719581683005,10.7289293326835,11.5153467306936,"val"
"632",1.21193393582468,-0.815278321096812,1.50962435978685,1.13818259962351,12.2123353641593,10.8477274745231,"val"
"633",0.815247038047219,1.63812838568475,0.735947547496314,2.26211766922134,10.6399686120234,12.4353943835348,"val"
"634",2.16058589204516,-0.144081422467472,0.674292045647478,2.0677384673058,12.4107252234433,12.5322162797204,"val"
"635",2.57167591377982,0.157378581505381,0.420153892290606,1.79335303234586,13.8936785527067,12.1585404380505,"val"
"636",1.76206969529339,1.77546212444048,1.93980494869868,2.01344081805564,16.371759816981,14.1137308395791,"val"
"637",-0.0228682328921861,3.12887092792142,2.82551794634248,3.20777347978324,17.0814475363285,15.1450829605514,"val"
"638",0.886312734398327,1.63437606358764,2.454359184961,2.25339067284727,10.3643544860164,13.7605159336452,"val"
"639",2.6763152610475,-0.287088026247819,0.0714260456227379,1.30752594812149,13.3147830393478,11.2717607542516,"val"
"640",-0.325449239681355,0.436337043398395,-0.861718230722363,1.95009509239672,10.2575544125055,10.0875759483213,"val"
"641",1.71995919862907,1.31481582128,-0.0761495112227397,3.31014083058925,12.1429890169645,14.0487486929793,"val"
"642",0.81659519139177,2.38407207361072,1.83391768236402,4.96846814366466,10.7824603750147,15.2648028283054,"val"
"643",-0.493328916947906,-0.708666485494273,0.644022385770115,1.37922086408376,8.12939581464333,8.84476254405823,"val"
"644",1.98956594035668,3.00332375531831,0.672791089720366,1.88610571708303,13.5936681021227,13.8741266078952,"val"
"645",1.54152288382148,-0.650924771449433,-0.180351363991861,2.14583484627861,12.3529124303912,11.5223807383066,"val"
"646",2.03949181873797,0.870399290489884,1.25019242538781,2.12769621453029,15.4077605654403,13.7281070276115,"val"
"647",-1.18619938828408,0.716596637668432,1.53395149342931,3.64708782602724,11.6816774026679,12.3587680253528,"val"
"648",0.675287453579451,0.330201867470554,1.744673331033,1.9244433483962,17.1354193452115,11.9409264804282,"val"
"649",0.873451744156634,1.58876780859249,1.21397005385245,2.65909970031681,15.8707888487382,13.4939643204471,"val"
"650",0.083269243824281,0.519249639375508,-0.652394692178905,3.50213723204217,14.1365456211976,12.1191859878936,"val"
"651",2.7336936348243,0.596046857473401,1.01609082793337,2.23673562134786,11.7197992381143,13.714654098256,"val"
"652",2.23268531573848,2.37181312416251,-0.0992783509382738,0.421514992089225,12.6783499226707,12.7230769228646,"val"
"653",0.692039525388318,1.22361657438688,0.147610778972386,3.57173845444281,9.40740457094306,12.999476635289,"val"
"654",1.99602577013344,1.8626754994292,1.18415835640683,1.95059633453705,10.4893657398161,13.6973444192005,"val"
"655",1.55465204652438,-0.18002347175658,-0.598932031578712,1.18952365325769,9.24819091508674,10.643928385105,"val"
"656",-0.638371859392677,1.22144605334131,0.617740900022314,0.956202114761009,5.01102918566696,9.80481338250499,"val"
"657",1.69886223853673,0.321265309768393,1.38133524890409,1.13445402930771,7.80113839186422,12.0242196671561,"val"
"658",0.510908078412497,2.58906924163117,2.09471076693722,2.71546738392865,7.53443498265842,14.2845075974077,"val"
"659",0.648794589735398,1.48649307522001,-0.0784094529531463,1.43231098796249,10.0792061936202,10.6444655007816,"val"
"660",2.64405521281765,0.880419597947316,0.0641570258830376,2.1843853107439,13.2071684565883,13.1929379654557,"val"
"661",2.46342081199891,2.13533659312294,-0.904002248112176,2.39491588813413,12.0453017722256,13.7902359417234,"val"
"662",3.24199477496021,2.9787321345134,2.00224521663161,0.329665257700465,13.0251694109982,14.5271647845777,"val"
"663",-0.587294422939914,-0.399512192437656,1.99478904620847,2.20163194386276,10.2571243460608,11.2603826094853,"val"
"664",2.90100581640848,3.08910483547908,0.793560036637626,2.20831566824091,15.3853318275841,14.7965910500542,"val"
"665",-0.0749510309615653,0.519083193963358,1.08155403906996,3.41443875409842,11.2638508531273,12.6944556076213,"val"
"666",3.65067650221131,0.979929838727463,0.280087162025861,1.35356245165615,13.3088252543602,11.6080081365127,"val"
"667",0.895225847871812,-0.582381654173683,2.36939516208479,1.07047198578157,8.72389234650574,11.1807786930536,"val"
"668",1.13749943116148,0.145879052444744,1.35908723355705,2.08023005972753,11.0524409726764,12.3156228135204,"val"
"669",1.47200584382308,2.65149896268249,-0.226805877943433,1.48003426417384,12.5128568785461,12.1751005952042,"val"
"670",1.26765565467388,1.96778401169381,1.33375671135828,1.15492788530777,6.46850393796193,12.2206092765653,"val"
"671",0.452159719642719,-0.239626400302946,-0.926766122273764,1.84934067569995,7.18568958623409,9.98456647145661,"val"
"672",0.714860583504554,0.170800087833071,0.427713164150615,1.99374749104903,6.12086961082342,10.9021671831685,"val"
"673",0.306828002454879,0.431539614269144,2.54002468128771,1.31540369591647,16.8275298247307,11.413577685923,"val"
"674",0.940644587290554,2.56538240450291,2.78452728667698,1.38331655927844,18.6820683103099,13.0795019894075,"val"
"675",2.75593647870271,0.706010415206731,3.12250620758642,2.31692237237368,14.9075832669482,15.1459956945838,"val"
"676",1.68121930046745,2.09251807570742,0.949414838820567,2.61886417310255,14.8375848923461,14.2832925870089,"val"
"677",0.350431927550724,2.62263742905567,-0.535625151084571,0.614352938529639,16.2698983911464,11.057845074862,"val"
"678",1.32127345612549,2.13917681896403,2.16215096972325,0.90783676573263,15.657616717719,12.9612988891624,"val"
"679",0.623799769405082,0.321865906114798,2.32787509460861,2.11450638491623,8.40289265624453,12.5643677362674,"val"
"680",0.0386792502116113,1.32818142338425,0.337771619663024,3.34902607375974,7.93304465903175,12.4910663602668,"val"
"681",0.450146182128027,1.22414452615925,1.32106920820282,0.49312389858205,13.4209471158913,11.4364725377357,"val"
"682",0.910444671318127,1.40028919062668,2.31779566801045,0.788701852309591,14.1701701365137,12.4220585544905,"val"
"683",0.676457078888218,1.40932783065475,0.733265201796139,1.88768229520363,13.5841250287142,11.5966277621268,"val"
"684",1.86558828309846,0.219156513532038,1.06217984750837,3.62215227659006,13.2943365431365,14.4278088968738,"val"
"685",1.22998492563239,0.299262767424563,0.569272945745769,-0.0846188440496696,9.73883835037408,11.0256312362336,"val"
"686",2.27765078360057,2.45452434929514,1.88879685554951,1.83418742683952,12.716543467712,14.4206915345492,"val"
"687",-1.20521569280742,0.976625742922587,0.152473411921384,0.509009934213102,9.01152978364694,9.1363432370145,"val"
"688",-0.461090461020526,0.727357045358162,-0.894131119843283,1.86052993679485,5.72615977388177,10.0240649492405,"val"
"689",-1.52921844660046,0.35043457671206,1.54412406594888,2.19487501729418,7.40202544826148,10.377304170684,"val"
"690",0.897021692806594,1.00945375977258,1.08207889304244,0.417526502574429,8.67641393502225,11.5750438454163,"val"
"691",1.55960928067086,3.04662349520122,0.376832173999216,1.70874779400164,14.8743967908661,13.0087572490371,"val"
"692",1.28348747230107,1.61241900433295,-0.680104221421937,3.08595989496218,12.9319545853329,13.488984041081,"val"
"693",2.09371133499357,-0.603049832716142,1.47862717750275,1.04736699281796,7.13883788348801,11.8809355889133,"val"
"694",-0.359134194689237,0.529524045682585,2.13819467568092,1.25990005004856,6.65288596208986,10.8309273207501,"val"
"695",1.20540865318628,-1.60623319036079,-0.324534678146217,0.841812729613573,7.47752986665766,9.46965090747575,"val"
"696",0.798567695139845,0.375127518525208,0.754281446473473,3.5297437937687,5.8433222592072,12.9596208765729,"val"
"697",2.15296540820254,1.52730805457277,0.0240618674541035,3.00135470689455,9.01685266542418,14.2929710378883,"val"
"698",2.13765870667369,1.72351947637334,1.62699990863377,1.63155194165566,10.5427479715802,13.583989977551,"val"
"699",1.92595860943436,1.01248075222216,-1.25427839749316,1.66366207874936,8.99393449951852,11.7381786669097,"val"
"700",0.391543224919269,0.690479747481502,0.27692725895909,1.14941068678582,7.73630722901344,9.99680676112586,"val"
"701",-0.271650054471557,4.1865160037763,2.44743655203582,2.79466059049367,12.1267388013676,15.390329437236,"val"
"702",1.86643388143323,0.520529164739718,-1.49193527513479,1.75250806465466,11.3599005777183,11.3103308236762,"val"
"703",0.534721682139486,1.65128312735087,0.93239639765933,1.10662175821324,11.6022510330677,11.0237278516468,"val"
"704",0.641857977645885,0.386184303705323,1.57558142904526,0.65142879811012,11.609103733981,11.2540041511008,"val"
"705",1.96299840339961,1.10638241860994,0.263818768793116,1.83551275698126,12.3617694410017,12.4731773124211,"val"
"706",1.22725071772256,0.0387704305318818,0.82818142044134,3.40355297557979,11.5060681809297,13.2598265731513,"val"
"707",2.31496383963926,1.50070069258683,1.61925231227656,1.95230716728755,14.0131302411349,14.094921973264,"val"
"708",0.666708853682354,1.40605166882255,0.113218727218943,1.37959634480773,11.4157649649129,10.5847957985488,"val"
"709",-0.445012425558991,0.471693813512681,0.890860390811758,3.26617797844162,8.90497651119488,12.1542328994606,"val"
"710",2.91450060703855,0.624265121165441,0.902356448003023,1.75798932790297,12.9768394579249,12.7853495737355,"val"
"711",1.66978713595214,1.2291185568324,0.457434409867503,1.32517150280967,12.9383004427694,11.7178246233374,"val"
"712",1.10663338426349,0.0356932409437033,1.18506842901178,2.24252769030027,12.0084393429217,12.3504587216462,"val"
"713",1.08113444468311,1.91211951057594,1.98616353435254,1.86792098478338,13.5222591076647,13.1314738310206,"val"
"714",1.93992472722593,0.690552065077625,1.0598389446165,1.45924615118425,14.8553574606414,12.3787290789972,"val"
"715",0.515731959640892,1.62646816433932,3.13294048527239,3.08999269858567,12.1308811504869,14.5926682825081,"val"
"716",1.54561247187022,0.987274970746109,0.779892298196093,4.06774800598308,11.5812061982044,14.5256712942658,"val"
"717",0.33160235880807,0.144895668131987,1.60569118760379,2.30065596462594,12.4055895586405,12.102483894778,"val"
"718",-0.0919885531279365,-0.214700587593841,-0.761399702033746,0.785991907378874,4.63749856302778,9.20240639288072,"val"
"719",1.63589528575525,1.51166044720108,-0.610128562731068,0.681119911460691,6.42781931459116,11.8316871136318,"val"
"720",-0.208896740909377,0.244228415794269,0.328017325532387,1.50013539862577,6.5828013650697,9.53107896863636,"val"
"721",2.99238218833023,3.0886498790398,2.0744015031441,1.90238634252118,16.2614337959362,15.2384350913227,"val"
"722",1.02801538942405,1.75784251227549,1.33976167443078,2.21726029709042,11.1486937201329,13.1873202070625,"val"
"723",1.49343879259458,0.876375668527374,0.915305564710146,1.13321301370609,11.5219180279296,11.7538628414154,"val"
"724",1.56636597341957,-0.848832096494249,0.82633272331612,1.86340268021401,10.3579964830036,11.3683143081259,"val"
"725",1.40751648198529,1.72034198010215,-0.294984269606823,1.28978160468151,14.9932506144933,11.4802606324119,"val"
"726",-0.685000898146703,2.06578229348835,2.11378587065984,3.04575885164245,11.8039982439174,13.3994977065601,"val"
"727",0.193384423861076,2.44870790689459,1.14495462201134,2.51741732186127,12.3083323116868,13.052674531799,"val"
"728",-0.598155823833722,1.94904434818021,0.930872400009515,0.494347051589823,10.3452946827561,10.6227748197153,"val"
"729",0.0714124231456617,1.02602389849227,0.293249991793018,1.64389283191332,8.6363703143556,10.3364653648905,"val"
"730",1.23893497254611,-0.620419512591874,0.242461761139903,2.87443230115708,8.59290802347827,12.1339137043346,"val"
"731",1.26136851763186,-0.730838143572691,1.65014375236685,2.17008503899796,9.92788362983191,12.287297243986,"val"
"732",1.87611540414494,-0.41854497444262,-0.18460909259291,2.23336090620902,12.949577758627,12.1649935851823,"val"
"733",0.683696007475384,0.288851735393035,1.79685458967585,2.36337837405808,14.5443904648278,12.6757532795224,"val"
"734",0.0904940801385098,1.02039134601038,0.853675746181551,2.2173051657489,11.4905686757628,11.7082192308357,"val"
"735",2.16780532193593,0.311735723082303,1.0970336789832,0.844545925982898,15.5940066900803,12.270916661487,"val"
"736",0.506475032448093,0.207106808466036,2.21394530043904,2.63432175345256,13.3278912158201,13.1022159021042,"val"
"737",0.590367367615818,-1.76924025404874,1.20861645254006,2.49094362511471,16.40171247167,11.1094999182172,"val"
"738",0.207479038618512,0.422624892764286,2.39686013662794,3.44441084407529,18.3849983749048,13.7035272491252,"val"
"739",1.37600484305591,-0.546035404434926,2.60972356354597,0.432517981697326,16.3386619128421,12.1847290061764,"val"
"740",1.58417497199293,0.437661751360528,1.49084680084369,2.36604411512897,15.1943884001784,13.5971684065827,"val"
"741",1.75593156357935,1.2959994324697,-0.288804867171789,1.41275427299561,16.861262554076,11.7947827374527,"val"
"742",0.910150582657154,0.112736766917394,1.74213908892107,2.83317935218613,10.948732804416,13.3294774587893,"val"
"743",2.36152759945139,0.531878693924617,0.445611502932002,2.16727903813207,12.7509127463793,13.0012740501866,"val"
"744",2.88698920097274,0.835371726979634,0.612701349305284,1.84159147099275,14.5762459973483,12.7758406484698,"val"
"745",0.21225123512839,-1.13167751714146,2.32679101556307,3.62767166320243,14.0726807063487,12.8140301223048,"val"
"746",0.665438566855014,0.937786143743081,1.81123531916861,2.0699661864326,14.2571050980608,12.6064139691863,"val"
"747",0.602520960104255,-0.53704514172255,1.32070924146401,4.12073078269882,15.2535125322892,13.0696823083428,"val"
"748",1.04175304765657,2.53274384714827,2.09670285832788,2.00777758394508,13.9081306871112,13.7093568193218,"val"
"749",1.06065615463899,0.411061858859483,0.904900424791509,2.46618977726971,13.8694289599829,12.5915446276083,"val"
"750",0.125385591593616,1.55932742868327,1.31834186081975,1.17825522894857,13.3875485949332,11.0532680029275,"val"
"751",2.06936289019709,-0.249472139080968,0.997469868926807,2.17661366849995,11.9649348927312,12.9245823356917,"val"
"752",0.901134961872806,-0.0872285247102167,0.896777747232679,1.75840055844863,9.11129277348101,10.9756001839141,"val"
"753",0.299010452347684,1.63582746308799,2.22094017580516,0.408391557231675,9.07069941458386,12.0980114491285,"val"
"754",1.0806598423608,-0.140889128535956,2.66799008610585,1.33471819313916,11.3025664680913,11.8458359196296,"val"
"755",2.13827646436317,0.492491264376812,1.30558184194324,0.941783652979925,9.34245185211394,12.4958014652815,"val"
"756",1.48097469442917,1.39344466539708,0.421553336180191,1.9768302950063,10.352285108728,12.401592284707,"val"
"757",1.78427619014118,0.0900532169108722,1.08747080142662,-0.275760082707834,12.4670787805301,11.9816310331125,"val"
"758",1.19327551468915,1.61622317196831,0.844813105847622,1.74451619806885,13.5644631924399,12.1127389084583,"val"
"759",2.15143453458985,1.72144852161463,1.35041513247381,2.71977505511738,14.8777839852974,15.0300275489412,"val"
"760",-0.70643068770861,1.00245757400938,1.31755314302375,2.72116653220553,12.6613946649907,12.2579891714464,"val"
"761",-0.157533706644267,-0.879817144736957,0.751198971238444,-0.546113558683781,11.5927093802075,9.07690057308649,"val"
"762",0.332435520893027,1.12948595715316,-0.401704071319106,2.6432978848368,13.0771283472717,12.0598773989868,"val"
"763",0.925067360356225,1.09555958725921,0.465999154515267,0.317305889544561,14.8802778990697,11.0808407305474,"val"
"764",-0.0792863076525361,-0.0682686255180951,2.11158938848468,4.71122055945766,10.3907037239416,13.5915010050451,"val"
"765",2.31557518541158,1.89906032428599,2.12417270291618,2.30420548166336,13.5798013503102,15.1007024921026,"val"
"766",-0.812869027364789,2.02776227328812,0.143334442399931,3.06388800091453,11.2716230163808,11.8764774640003,"val"
"767",0.831393474994063,2.71331846661695,0.37284332967666,1.96661860399451,14.1367100133873,12.2472398996617,"val"
"768",1.22924003540472,2.04558815549267,1.06018522839848,1.74466189893395,13.532570985668,12.4791756078123,"val"
"769",0.213987071947592,0.826666622608714,0.769107534071909,3.50977459576993,10.047678723465,12.8129109725768,"val"
"770",0.391988119363763,-0.43563441558561,0.457262545211788,2.45856066984829,10.3838692464979,11.0532328670541,"val"
"771",2.09780599214255,0.524234932332785,-1.19691364291273,3.30759692187231,13.3686647448404,13.6195596022717,"val"
"772",0.101955511944247,1.7861493630113,1.64066029071205,1.7091676001632,10.1480926102507,11.8056018901063,"val"
"773",1.20775145614342,0.547265653064827,-0.518889397737514,1.61612125116431,11.5886143149722,10.9976677283357,"val"
"774",1.79202511005146,2.93100202917242,0.996673609393783,2.0075275400266,11.7539262747763,14.1743921809546,"val"
"775",0.30849037190278,1.16632243956655,2.23754035628191,1.25696515529604,7.23793663160645,11.6398441351635,"val"
"776",0.630524478488568,0.449811089897132,1.23420879503975,1.24729883378168,6.39541596418275,10.8137483828778,"val"
"777",-0.149472014121921,1.94716905884926,-0.120269027433348,1.97795181911663,6.21324423388981,11.0213308998713,"val"
"778",0.089835499826184,2.46387153789393,0.537765670853708,0.846491333195055,5.61685773480489,10.784832491982,"val"
"779",2.88848112703387,-0.190281692736599,1.44159370168303,0.79992858965548,7.38844530073899,12.3761942140603,"val"
"780",0.748365040903796,0.332822777354219,-0.878708756599245,2.24901891159784,6.46763845142391,11.2399184422571,"val"
"781",0.981309000791262,-0.106950648325935,0.488264846465727,0.741244908298946,11.5323783037472,10.3168509453698,"val"
"782",2.00148164656706,1.89537966755596,1.01749655791775,2.85694983716235,14.3517473679707,14.8190000200077,"val"
"783",-0.348590596266187,-0.364337955189215,-0.758430426732324,3.46578731810312,12.9206549446497,11.2725238166032,"val"
"784",0.972195974323849,0.918808171644645,-0.22652858100089,1.38547072834998,11.4360092356891,10.7142967510615,"val"
"785",1.712278682364,0.547770179066356,1.52982849765209,3.26441537346904,15.0240009237131,14.6753470797402,"val"
"786",0.918572478583192,0.797311221529001,0.0545599821212602,0.59204683737664,11.8547315641993,10.7578765649189,"val"
"787",1.88617002576981,0.993054926520831,-0.236147003897536,3.15017203063258,15.5115527340042,14.0045460889904,"val"
"788",1.37915561848313,0.443888888009398,0.562653665296509,3.40348040625601,14.52071962083,13.4330272280701,"val"
"789",0.618937943832229,1.46508447738914,0.0995344231209271,1.78075929852053,14.8614916049039,11.0603611910473,"val"
"790",-0.0694559796657559,1.43861323979979,0.960185684382727,0.0806840552754196,7.71802841333719,10.9160035161482,"val"
"791",2.29811140408358,1.35165744591814,0.175891986173649,1.81733536643555,12.1950853868805,12.7078327365828,"val"
"792",-0.108667125308944,3.07159281535647,1.45472272463527,2.67048800330026,10.7637024082005,13.8964081852201,"val"
"793",-0.379557287167804,1.39716855048713,-1.78819165016663,2.40454848618756,8.4250931532893,10.4672440669747,"val"
"794",1.02169173168372,1.08350369494684,0.559214249382069,0.278983399725366,10.1032914299095,11.2548012810963,"val"
"795",0.0845012151315022,0.182045635286273,0.518694923837169,1.89348372884657,7.90801940877943,10.3417735576399,"val"
"796",-0.871665279155899,1.14209505594764,0.226137289956779,1.59233908307813,6.07375894009743,9.58567710769522,"val"
"797",0.617964270656079,1.01149904241505,0.758844010955976,0.953995709254323,8.87748873051369,10.7301993508647,"val"
"798",1.29751079922304,0.115078145291533,-0.281315106748939,2.68246888598617,13.325164952323,12.4734594401195,"val"
"799",1.55528846111304,1.51332124620196,1.22226702022701,3.12777844751897,14.9542064661398,14.6538304766888,"val"
"800",1.29301469516132,0.902045357259003,0.881574654256096,3.57346345711911,12.7181652055462,14.0305837478462,"val"
"801",2.94192263553494,1.53357406105138,1.38758703919708,1.32571417809834,14.3869678167684,13.1197818793211,"val"
"802",1.5430713486687,-0.67500706783945,1.76396978821904,1.75287201406668,12.7441830281747,12.0437105308336,"val"
"803",0.715270386912395,2.06569697319023,0.439202344035503,1.53400598419967,12.5704393512339,11.0558216847242,"val"
"804",1.46871548405192,0.185026947150019,1.93504668319623,2.55169953760536,12.9418053126433,13.8531771051273,"val"
"805",-0.710412127580746,1.06255098301722,-0.782874504031899,0.985551058089287,11.9985427271917,9.36381959764261,"val"
"806",1.95834772763241,2.08764847565719,1.60840783741502,2.32942825499691,13.2528886927313,14.6702174836872,"val"
"807",0.796538506823074,1.30650607934079,1.89439145416256,1.44656481112281,15.7315853059637,11.9926544962142,"val"
"808",-0.822430266454465,0.862000304456044,2.22094191149264,2.55157294645762,13.8210320134714,12.4845713390461,"val"
"809",1.55931758378606,0.331931344306243,2.35780725287853,0.657702700524722,10.5236423096264,12.7308742906428,"val"
"810",0.439935575196731,0.165529503819369,-0.635827447336769,2.19922906562128,11.1141386435176,10.9019045936135,"val"
"811",0.346337910453666,0.764184063563256,0.308470721337512,3.15305445971519,9.64337708158194,12.3346290429946,"val"
"812",1.24920023317065,0.95122616993048,1.11393927425401,1.27590316257491,9.02463313604065,11.7038645011515,"val"
"813",0.74919430556993,1.4142340933748,-0.291854775234142,1.42797831176308,8.35066204917742,10.7091830247008,"val"
"814",-0.527500975072121,1.16875966271944,-0.352560259799547,0.555419121217535,3.34434914376692,9.88100801065956,"val"
"815",0.900161741335672,1.52044082027807,2.26340303326281,1.08192642327769,5.29590495420577,12.2804533739816,"val"
"816",1.61679349740457,1.28194237129538,-0.034713539574778,1.70811628433683,9.63690163393526,11.992548268937,"val"
"817",-0.0911340235036966,-0.0317678697454009,1.10300500610436,0.595616236475422,8.98658948558971,10.1810627553424,"val"
"818",1.36883908220054,-0.243742674758727,0.446694022746946,2.38431366857996,14.9962247009581,12.0657100216249,"val"
"819",0.0478844595268842,1.79081521786113,1.29898842145816,2.40494391732955,15.8293867516008,12.6563369377929,"val"
"820",1.73034860779844,0.771066865995942,0.771580298394793,1.24667905646872,15.5756994806766,11.82002031215,"val"
"821",0.228771836486759,0.856908779199904,1.82307294646768,3.52308621954451,11.9886349084284,13.7080973299415,"val"
"822",1.63356148667239,0.797412714616834,1.40349366023765,1.6214710892896,13.1251020814369,12.6315368035239,"val"
"823",1.22769304557532,0.918942445331282,-0.986549839463256,1.58737005695303,11.2482576512861,11.0344618486671,"val"
"824",1.45096872346497,2.03315253429556,2.02705881295348,2.34850108049934,12.3097397146317,14.4295464894456,"val"
"825",1.61857927611654,0.212358529026216,1.09192839028282,0.950524361311823,10.3699409511612,11.6960894420268,"val"
"826",-0.723641107111606,1.40951356347652,1.19568897556587,-0.615536193207784,11.5795682475216,10.343769250182,"val"
"827",0.780044624090427,0.0568002285411011,0.0401241354114632,1.89624410533284,10.5028873023241,10.6524904280818,"val"
"828",1.95692918829596,1.84531815322757,-1.25254745282417,2.31823073164693,14.4761519768336,13.1180960778327,"val"
"829",-0.0936735553029764,1.88027815648498,2.97199065753698,1.60268764006882,11.409199301561,12.2260082739806,"val"
"830",-1.75111570358954,1.25837862312651,2.54807783551586,2.02203778252376,6.9569538138737,10.9071365062158,"val"
"831",1.3883840274234,2.7519429538256,0.975531020243226,1.43214520919359,13.0366147430247,12.7013394697453,"val"
"832",1.1968167535967,1.21349999111663,-1.18053364464567,1.77275673736956,13.2887903042178,11.2409910152006,"val"
"833",0.562930750684925,1.1127225081677,2.34080282472264,1.4669371836038,10.6464397888866,12.0063849419723,"val"
"834",1.32281662427354,-0.343481282054824,1.22298037654597,2.06089911427792,12.5620835846979,12.1284743395397,"val"
"835",1.61483765455641,1.91320064924587,0.801566666543451,1.62417270795084,11.1663123143419,12.4743576754689,"val"
"836",0.185293548472895,1.36542573715866,-0.163061390247358,1.58133947630535,11.2980685306408,10.425203128125,"val"
"837",0.859091651668681,-0.0512653778665157,1.83825836269217,0.948338912834572,14.6879039526388,11.210900689445,"val"
"838",1.76828998097517,-0.12307382241719,3.27726424098494,0.862747110991234,14.3169494113836,12.970031961552,"val"
"839",1.70439055654925,0.716273988531616,2.32999327392055,1.3716893199725,12.7072550728509,12.9877425977811,"val"
"840",2.32077802297167,0.845229369128174,0.976419680332719,2.41026661756814,15.600437211687,14.0631236125723,"val"
"841",2.22555638184405,2.3184426212913,1.90881485448567,1.30525559537102,14.2718537161071,13.6828303500338,"val"
"842",-0.25217451884442,0.606199471824301,0.270188544337155,3.02053621773476,14.4705811786858,11.7754126683328,"val"
"843",0.576812730951211,-0.29985256786268,1.20098190577927,3.44798390997909,16.1870511130788,12.7627064918476,"val"
"844",0.258854724839117,0.572017041470415,2.4113658810002,0.545505496389266,16.4305952355292,11.6601187740116,"val"
"845",-0.106720927265911,1.75975608117645,-0.643667380087539,3.22061875240721,9.81563857342015,12.413686351823,"val"
"846",1.44380511199735,2.23544414427275,0.907859064823012,1.85429287226401,12.3213197809536,12.842627580391,"val"
"847",0.507683626937468,0.595099720138546,1.49622690649764,0.642233963880288,11.3148536414938,11.2405481065009,"val"
"848",-0.65538315540436,1.31647582552958,0.759352012868311,3.8341522357759,11.6631693547016,12.6017222647897,"val"
"849",1.07781644811097,1.98576383443238,-0.00212485526504524,2.60380542995701,16.8667061397356,12.9639192348546,"val"
"850",1.70473884630536,0.753903036718623,1.89247223979562,3.08944867633366,15.7206753438927,14.9464972385326,"val"
"851",0.266420097710129,1.22503599732266,0.623246595658873,2.84258751015249,14.9170233107936,12.4676534332384,"val"
"852",0.665675639925775,2.05505702218782,1.07165527501905,2.38023687018078,16.5167417271316,12.9208454923646,"val"
"853",1.20533928480624,0.27550068034637,1.24833522761991,3.16474506583159,14.2350959990561,13.6305775250793,"val"
"854",0.766117075212583,0.544330680161425,3.16400137260521,1.54597932082254,10.0424492441622,12.2909129162585,"val"
"855",0.827232866911182,3.82532913756034,0.477425490337755,0.369735381134733,7.40553219992101,12.6762318122021,"val"
"856",0.489626013999099,2.07115362037581,0.738128470220375,-0.910065186274935,4.11512685994253,10.7130140044713,"val"
"857",1.17370578402132,-0.482073700052986,1.42109365687567,2.70728642622184,6.88403424141997,12.9402388474151,"val"
"858",0.471441814158228,1.33910320649587,0.65295638305722,1.08986063293804,12.8058312446626,10.5815782483427,"val"
"859",0.542595232063361,1.44596870653433,0.98361644380775,3.47114537073499,13.5357760572813,13.487779539829,"val"
"860",-0.796098716250237,1.73602666557331,-0.452730121194898,2.30814580423205,11.2177787129858,11.0130069416744,"val"
"861",0.532667954430635,-1.7925807318435,0.585179516152238,2.05025626288627,8.64026214316612,9.75833361849018,"val"
"862",0.0520053359151382,1.02169346107038,0.182319357395384,1.56032839942335,7.78109206184104,10.1915494723495,"val"
"863",1.41534056490756,0.756591677267422,0.0751846982126619,1.54133957054893,11.3573172718776,11.3071213733968,"val"
"864",0.255274899271814,2.34920688838322,3.05435438330663,2.20395500370011,8.12622952760897,13.6187433655892,"val"
"865",1.51717696287875,-0.28698303371748,-0.458632825309674,1.80231870861157,8.30670209520018,11.1646793790089,"val"
"866",1.0529589573815,2.0495798409689,0.0184566322101628,0.870284798489909,10.1590633698691,11.1890114372782,"val"
"867",2.85814934080045,1.02325424460245,0.970907226906792,2.58462637573292,10.2257911081129,14.3918509670692,"val"
"868",1.06106010304642,-0.847356839408504,-0.0026532304916278,0.709443307209444,12.2509872829325,9.81703799766783,"val"
"869",1.26978657704485,2.03662710175721,0.188810989972723,4.50137702141947,11.9309762694435,14.28474732225,"val"
"870",0.665820004309356,2.27260306800687,0.850393947869084,3.02273773356942,13.706087238285,13.4683073905983,"val"
"871",-0.313691109615555,1.15538681383676,1.16175969123368,1.38339092763088,12.6901798037465,10.594499841576,"val"
"872",2.13450022625896,1.68562400432303,1.90272870171678,2.35410030671776,12.253972737755,14.9100871442717,"val"
"873",1.16473593473191,1.88816808656305,-0.162304887154164,3.51072576147827,13.0181209175242,13.6954205084646,"val"
"874",0.582112784185678,2.01454193692497,0.210842038837785,1.23955535621872,13.3308458511243,10.628688894815,"val"
"875",1.75058542251048,1.49735977915836,-0.350826612098328,2.61029673581543,10.4057763366883,13.6340487894509,"val"
"876",1.4758150187748,1.32436346434432,1.06724987694729,2.08282395496038,11.5054442923136,13.1323815151176,"val"
"877",0.557322135999546,0.705339222285956,-1.19695278147861,0.446629795074948,9.48625848611313,10.0792505344529,"val"
"878",2.47399124648864,1.23002944566874,0.212319386811507,2.31700676294626,14.0285431282789,13.540917089251,"val"
"879",0.986907302918587,0.691056351950769,0.0746386406723862,2.32664345199328,10.7592113080464,11.9854662720797,"val"
"880",-0.110072311394461,0.831483216831028,-1.25801660993476,2.55586332646558,10.2617275686237,11.1672847983594,"val"
"881",2.55283610169818,0.0503303649429853,1.20965255480342,1.59826117192183,17.4398955027074,12.524022267662,"val"
"882",1.31621875900842,1.41410264814804,1.17516519115075,2.39480119339555,15.4265448122064,13.5726564848325,"val"
"883",0.810072884712304,0.703287183941415,2.79733167571023,2.80960206253204,14.6195941263372,14.1297320519815,"val"
"884",-0.358669394098791,-0.0546404677155159,-1.78998591870388,3.56545064681981,13.6442579770539,10.649261324906,"val"
"885",0.584637155904389,0.676978762369022,0.448257912487882,1.84067457334148,10.2536948168377,10.8799580969735,"val"
"886",0.201969809969719,1.23211922171571,1.78675676190582,2.10791021625252,10.1554092751382,12.4250795906779,"val"
"887",1.21542042109917,-0.286353205872871,0.896321973973165,0.277823952123414,7.88782804945884,11.0247450999047,"val"
"888",2.08490161059181,1.23054461382171,0.369940785060249,0.582585685562069,9.31636716252533,12.2363483651913,"val"
"889",0.395309469957732,0.536461160136307,2.04365220664802,1.45045457595042,8.98095290380511,11.368608787871,"val"
"890",0.0709976123434652,1.9004369777672,1.25820561984231,2.43500426974359,14.5476318367966,12.7062706290764,"val"
"891",1.41879371126748,2.0412519843984,0.49557837073044,2.66086469449254,15.6475255039577,13.5898023835702,"val"
"892",0.782559690516049,2.4912266412052,1.17636756609512,1.99066061582867,14.7333586654821,12.7375200084394,"val"
"893",1.25256562222896,-1.07700794062999,1.01526303336411,0.559251231788154,8.75302424514614,10.6014331942779,"val"
"894",2.45599290116533,0.16824858489244,1.9871245712259,1.08333336995839,11.6576081777854,12.8092419754386,"val"
"895",0.743836228181401,1.70664539215925,2.58599166233411,0.827297560005927,9.15747483594269,12.4649713164776,"val"
"896",0.944567245051078,0.0601037332151532,1.41633463332714,2.53589765877593,13.7970224964731,12.7929481672382,"val"
"897",2.19776237942249,2.62519775453397,1.14448394222366,2.16156416321882,16.5677946308797,14.5578138512276,"val"
"898",-0.702102961637261,1.92316098499484,1.08941725138199,0.777891035360698,14.3723573990998,10.5437288868398,"val"
"899",0.0361169649994241,-0.210449079514485,0.00228831682618391,3.36690624164213,11.2688299438592,11.6219975435533,"val"
"900",0.670483683757445,-0.565277659141031,1.36184708135731,1.69279562803521,11.5729761402304,10.7547669192051,"val"
